id,text_original,text_clean,language,language_name,script,domain,source,source_url,source_subreddit,label_sentiment,label_topic,label_ner,confidence,confidence_reason,llm_used,needs_review,app_id,star_rating,rating_hint,created_at,job_id
1,यह reddit का फॉलबैक नमूना 1 है और यह social_media डोमेन के परीक्षण के लिए पर्याप्त शब्द रखता है।,यह reddit का फॉलबैक नमूना 1 है और यह social_media डोमेन के परीक्षण के लिए पर्याप्त शब्द रखता है। यह बहुत शानदार है और मुझे यह बहुत पसंद है।,hi,Hindi,devanagari,social_media,reddit,https://reddit.com/r/sample/comments/hi_1,sample,positive,,,0.95,"The text contains clear positive phrases like 'बहुत शानदार' (very great) and 'मुझे यह बहुत पसंद है' (I really like it), indicating strong positive sentiment.",ollama,False,,,,2026-04-06T11:40:44.405396+00:00,62d09d0f-37b4-498f-b521-6c5537211b99
2,यह reddit का फॉलबैक नमूना 2 है और यह social_media डोमेन के परीक्षण के लिए पर्याप्त शब्द रखता है।,यह reddit का फॉलबैक नमूना 2 है और यह social_media डोमेन के परीक्षण के लिए पर्याप्त शब्द रखता है। यह बहुत खराब है और मुझे यह बिल्कुल पसंद नहीं है।,hi,Hindi,devanagari,social_media,reddit,https://reddit.com/r/sample/comments/hi_2,sample,negative,,,0.95,"The text explicitly states 'very bad' and 'I don't like it at all', indicating strong negative sentiment.",ollama,False,,,,2026-04-06T11:40:44.405396+00:00,62d09d0f-37b4-498f-b521-6c5537211b99
3,यह reddit का फॉलबैक नमूना 1 है और यह social_media डोमेन के परीक्षण के लिए पर्याप्त शब्द रखता है।,यह reddit का फॉलबैक नमूना 1 है और यह social_media डोमेन के परीक्षण के लिए पर्याप्त शब्द रखता है।,hi,Hindi,devanagari,social_media,reddit,https://reddit.com/r/sample/comments/hi_1,sample,neutral,,,0.95,The text is a factual statement about a technical sample with no emotional or evaluative language.,ollama,False,,,,2026-04-06T11:40:44.405396+00:00,62d09d0f-37b4-498f-b521-6c5537211b99
4,यह reddit का फॉलबैक नमूना 3 है और यह social_media डोमेन के परीक्षण के लिए पर्याप्त शब्द रखता है।,यह reddit का फॉलबैक नमूना 3 है और यह social_media डोमेन के परीक्षण के लिए पर्याप्त शब्द रखता है। यह बहुत शानदार है और मुझे यह बहुत पसंद है।,hi,Hindi,devanagari,social_media,reddit,https://reddit.com/r/sample/comments/hi_3,sample,positive,,,0.95,Contains positive expressions 'बहुत शानदार' and 'मुझे यह बहुत पसंद है' indicating strong approval.,ollama,False,,,,2026-04-06T11:40:44.405396+00:00,62d09d0f-37b4-498f-b521-6c5537211b99
5,यह youtube का फॉलबैक नमूना 1 है और यह social_media डोमेन के परीक्षण के लिए पर्याप्त शब्द रखता है।,यह youtube का फॉलबैक नमूना 1 है और यह social_media डोमेन के परीक्षण के लिए पर्याप्त शब्द रखता है। यह बहुत खराब है और मुझे यह बिल्कुल पसंद नहीं है।,hi,Hindi,devanagari,social_media,youtube,https://www.youtube.com/watch?v=fallback_hi_1,,negative,,,0.95,"The text explicitly states 'यह बहुत खराब है और मुझे यह बिल्कुल पसंद नहीं है' (This is very bad and I don't like it at all), indicating strong negative sentiment.",ollama,False,,,,2026-04-06T11:40:44.405396+00:00,62d09d0f-37b4-498f-b521-6c5537211b99
6,यह reddit का फॉलबैक नमूना 2 है और यह social_media डोमेन के परीक्षण के लिए पर्याप्त शब्द रखता है।,यह reddit का फॉलबैक नमूना 2 है और यह social_media डोमेन के परीक्षण के लिए पर्याप्त शब्द रखता है।,hi,Hindi,devanagari,social_media,reddit,https://reddit.com/r/sample/comments/hi_2,sample,neutral,,,0.95,"The text is a factual statement about a fallback sample and sufficient words for testing, with no emotional or evaluative language.",ollama,False,,,,2026-04-06T11:40:44.405396+00:00,62d09d0f-37b4-498f-b521-6c5537211b99
7,यह youtube का फॉलबैक नमूना 2 है और यह social_media डोमेन के परीक्षण के लिए पर्याप्त शब्द रखता है।,यह youtube का फॉलबैक नमूना 2 है और यह social_media डोमेन के परीक्षण के लिए पर्याप्त शब्द रखता है। यह बहुत शानदार है और मुझे यह बहुत पसंद है।,hi,Hindi,devanagari,social_media,youtube,https://www.youtube.com/watch?v=fallback_hi_2,,positive,,,0.95,"The text contains strong positive phrases like 'बहुत शानदार' (very great) and 'मुझे यह बहुत पसंद है' (I really like it), clearly indicating positive sentiment.",ollama,False,,,,2026-04-06T11:40:44.405396+00:00,62d09d0f-37b4-498f-b521-6c5537211b99
8,यह youtube का फॉलबैक नमूना 3 है और यह social_media डोमेन के परीक्षण के लिए पर्याप्त शब्द रखता है।,यह youtube का फॉलबैक नमूना 3 है और यह social_media डोमेन के परीक्षण के लिए पर्याप्त शब्द रखता है। यह बहुत खराब है और मुझे यह बिल्कुल पसंद नहीं है।,hi,Hindi,devanagari,social_media,youtube,https://www.youtube.com/watch?v=fallback_hi_3,,negative,,,0.95,"The text explicitly states 'यह बहुत खराब है' (very bad) and 'मुझे यह बिल्कुल पसंद नहीं है' (I don't like it at all), indicating strong negative sentiment.",ollama,False,,,,2026-04-06T11:40:44.405396+00:00,62d09d0f-37b4-498f-b521-6c5537211b99
9,यह reddit का फॉलबैक नमूना 3 है और यह social_media डोमेन के परीक्षण के लिए पर्याप्त शब्द रखता है।,यह reddit का फॉलबैक नमूना 3 है और यह social_media डोमेन के परीक्षण के लिए पर्याप्त शब्द रखता है।,hi,Hindi,devanagari,social_media,reddit,https://reddit.com/r/sample/comments/hi_3,sample,neutral,,,0.95,The text is a factual statement about the sample's adequacy for testing with no emotional or evaluative language.,ollama,False,,,,2026-04-06T11:40:44.405396+00:00,62d09d0f-37b4-498f-b521-6c5537211b99
10,यह google_play का फॉलबैक नमूना 1 है और यह social_media डोमेन के परीक्षण के लिए पर्याप्त शब्द रखता है।,यह google_play का फॉलबैक नमूना 1 है और यह social_media डोमेन के परीक्षण के लिए पर्याप्त शब्द रखता है। यह बहुत शानदार है और मुझे यह बहुत पसंद है।,hi,Hindi,devanagari,social_media,google_play,,,positive,,,0.95,The text contains explicit positive phrases like 'बहुत शानदार है' (very great) and 'मुझे यह बहुत पसंद है' (I really like it).,ollama,False,com.instagram.android,5.0,positive,2026-04-06T11:40:44.405396+00:00,62d09d0f-37b4-498f-b521-6c5537211b99
11,यह google_play का फॉलबैक नमूना 2 है और यह social_media डोमेन के परीक्षण के लिए पर्याप्त शब्द रखता है।,यह google_play का फॉलबैक नमूना 2 है और यह social_media डोमेन के परीक्षण के लिए पर्याप्त शब्द रखता है। यह बहुत खराब है और मुझे यह बिल्कुल पसंद नहीं है।,hi,Hindi,devanagari,social_media,google_play,,,negative,,,0.95,"The text explicitly states 'बहुत खराब' (very bad) and 'बिल्कुल पसंद नहीं है' (don't like at all), indicating strong negative sentiment.",ollama,False,com.facebook.katana,3.0,neutral,2026-04-06T11:40:44.405396+00:00,62d09d0f-37b4-498f-b521-6c5537211b99
12,यह youtube का फॉलबैक नमूना 1 है और यह social_media डोमेन के परीक्षण के लिए पर्याप्त शब्द रखता है।,यह youtube का फॉलबैक नमूना 1 है और यह social_media डोमेन के परीक्षण के लिए पर्याप्त शब्द रखता है।,hi,Hindi,devanagari,social_media,youtube,https://www.youtube.com/watch?v=fallback_hi_1,,neutral,,,0.95,"The text is a factual statement describing the purpose and adequacy of a sample for testing, with no emotional or evaluative language.",ollama,False,,,,2026-04-06T11:40:44.405396+00:00,62d09d0f-37b4-498f-b521-6c5537211b99
13,यह google_play का फॉलबैक नमूना 3 है और यह social_media डोमेन के परीक्षण के लिए पर्याप्त शब्द रखता है।,यह google_play का फॉलबैक नमूना 3 है और यह social_media डोमेन के परीक्षण के लिए पर्याप्त शब्द रखता है। यह बहुत शानदार है और मुझे यह बहुत पसंद है।,hi,Hindi,devanagari,social_media,google_play,,,positive,,,0.95,"The text contains strong positive phrases such as 'बहुत शानदार है' (very great) and 'मुझे यह बहुत पसंद है' (I really like it), clearly expressing positive sentiment.",ollama,False,com.sharechat.app,1.0,negative,2026-04-06T11:40:44.405396+00:00,62d09d0f-37b4-498f-b521-6c5537211b99
14,यह news का फॉलबैक नमूना 1 है और यह social_media डोमेन के परीक्षण के लिए पर्याप्त शब्द रखता है।,यह news का फॉलबैक नमूना 1 है और यह social_media डोमेन के परीक्षण के लिए पर्याप्त शब्द रखता है। यह बहुत खराब है और मुझे यह बिल्कुल पसंद नहीं है।,hi,Hindi,devanagari,social_media,news,https://news.example.com/hi/social_media/1,,negative,,,0.95,"The text explicitly states 'यह बहुत खराब है' (very bad) and 'मुझे यह बिल्कुल पसंद नहीं है' (I don't like it at all), indicating strong negative sentiment.",ollama,False,,,,2026-04-06T11:40:44.405396+00:00,62d09d0f-37b4-498f-b521-6c5537211b99
15,यह youtube का फॉलबैक नमूना 2 है और यह social_media डोमेन के परीक्षण के लिए पर्याप्त शब्द रखता है।,यह youtube का फॉलबैक नमूना 2 है और यह social_media डोमेन के परीक्षण के लिए पर्याप्त शब्द रखता है।,hi,Hindi,devanagari,social_media,youtube,https://www.youtube.com/watch?v=fallback_hi_2,,neutral,,,0.95,The text is a factual statement describing a technical sample with no emotional or evaluative language.,ollama,False,,,,2026-04-06T11:40:44.405396+00:00,62d09d0f-37b4-498f-b521-6c5537211b99
16,यह news का फॉलबैक नमूना 2 है और यह social_media डोमेन के परीक्षण के लिए पर्याप्त शब्द रखता है।,यह news का फॉलबैक नमूना 2 है और यह social_media डोमेन के परीक्षण के लिए पर्याप्त शब्द रखता है। यह बहुत शानदार है और मुझे यह बहुत पसंद है।,hi,Hindi,devanagari,social_media,news,https://news.example.com/hi/social_media/2,,positive,,,0.95,"The text contains strong positive phrases like 'बहुत शानदार है' (very great) and 'मुझे यह बहुत पसंद है' (I really like it), indicating clear positive sentiment.",ollama,False,,,,2026-04-06T11:40:44.405396+00:00,62d09d0f-37b4-498f-b521-6c5537211b99
17,यह news का फॉलबैक नमूना 3 है और यह social_media डोमेन के परीक्षण के लिए पर्याप्त शब्द रखता है।,यह news का फॉलबैक नमूना 3 है और यह social_media डोमेन के परीक्षण के लिए पर्याप्त शब्द रखता है। यह बहुत खराब है और मुझे यह बिल्कुल पसंद नहीं है।,hi,Hindi,devanagari,social_media,news,https://news.example.com/hi/social_media/3,,negative,,,0.95,"The text explicitly states 'यह बहुत खराब है' (very bad) and 'मुझे यह बिल्कुल पसंद नहीं है' (I don't like it at all), indicating strong negative sentiment.",ollama,False,,,,2026-04-06T11:40:44.405396+00:00,62d09d0f-37b4-498f-b521-6c5537211b99
18,यह youtube का फॉलबैक नमूना 3 है और यह social_media डोमेन के परीक्षण के लिए पर्याप्त शब्द रखता है।,यह youtube का फॉलबैक नमूना 3 है और यह social_media डोमेन के परीक्षण के लिए पर्याप्त शब्द रखता है।,hi,Hindi,devanagari,social_media,youtube,https://www.youtube.com/watch?v=fallback_hi_3,,neutral,,,0.95,The text is a factual statement describing a technical sample for testing with no emotional or evaluative language.,ollama,False,,,,2026-04-06T11:40:44.405396+00:00,62d09d0f-37b4-498f-b521-6c5537211b99
19,यह reddit का फॉलबैक नमूना 1 है और यह social_media डोमेन के परीक्षण के लिए पर्याप्त शब्द रखता है।,यह reddit का फॉलबैक नमूना 1 है और यह social_media डोमेन के परीक्षण के लिए पर्याप्त शब्द रखता है। यह बहुत शानदार है और मुझे यह बहुत पसंद है।,hi,Hindi,devanagari,social_media,reddit,https://reddit.com/r/sample/comments/hi_1,sample,positive,,,0.95,Contains positive phrases like 'बहुत शानदार है' (very great) and 'मुझे यह बहुत पसंद है' (I really like it),ollama,False,,,,2026-04-06T11:40:44.405396+00:00,62d09d0f-37b4-498f-b521-6c5537211b99
20,यह reddit का फॉलबैक नमूना 2 है और यह social_media डोमेन के परीक्षण के लिए पर्याप्त शब्द रखता है।,यह reddit का फॉलबैक नमूना 2 है और यह social_media डोमेन के परीक्षण के लिए पर्याप्त शब्द रखता है। यह बहुत खराब है और मुझे यह बिल्कुल पसंद नहीं है।,hi,Hindi,devanagari,social_media,reddit,https://reddit.com/r/sample/comments/hi_2,sample,negative,,,0.95,"The text explicitly states 'बहुत खराब' (very bad) and 'बिल्कुल पसंद नहीं है' (don't like at all), indicating strong negative sentiment.",ollama,False,,,,2026-04-06T11:40:44.405396+00:00,62d09d0f-37b4-498f-b521-6c5537211b99
21,यह google_play का फॉलबैक नमूना 1 है और यह social_media डोमेन के परीक्षण के लिए पर्याप्त शब्द रखता है।,यह google_play का फॉलबैक नमूना 1 है और यह social_media डोमेन के परीक्षण के लिए पर्याप्त शब्द रखता है।,hi,Hindi,devanagari,social_media,google_play,,,neutral,,,0.95,The text is a factual description of a fallback sample and testing requirements without any emotional or subjective language.,ollama,False,com.instagram.android,5.0,positive,2026-04-06T11:40:44.405396+00:00,62d09d0f-37b4-498f-b521-6c5537211b99
22,यह reddit का फॉलबैक नमूना 3 है और यह social_media डोमेन के परीक्षण के लिए पर्याप्त शब्द रखता है।,यह reddit का फॉलबैक नमूना 3 है और यह social_media डोमेन के परीक्षण के लिए पर्याप्त शब्द रखता है। यह बहुत शानदार है और मुझे यह बहुत पसंद है।,hi,Hindi,devanagari,social_media,reddit,https://reddit.com/r/sample/comments/hi_3,sample,positive,,,0.95,"The text contains explicit positive phrases like 'बहुत शानदार है' (very great) and 'मुझे यह बहुत पसंद है' (I really like it), clearly indicating positive sentiment.",ollama,False,,,,2026-04-06T11:40:44.405396+00:00,62d09d0f-37b4-498f-b521-6c5537211b99
23,यह youtube का फॉलबैक नमूना 1 है और यह social_media डोमेन के परीक्षण के लिए पर्याप्त शब्द रखता है।,यह youtube का फॉलबैक नमूना 1 है और यह social_media डोमेन के परीक्षण के लिए पर्याप्त शब्द रखता है। यह बहुत खराब है और मुझे यह बिल्कुल पसंद नहीं है।,hi,Hindi,devanagari,social_media,youtube,https://www.youtube.com/watch?v=fallback_hi_1,,negative,,,0.95,"The text explicitly states 'यह बहुत खराब है और मुझे यह बिल्कुल पसंद नहीं है' (This is very bad and I don't like it at all), indicating strong negative sentiment.",ollama,False,,,,2026-04-06T11:40:44.405396+00:00,62d09d0f-37b4-498f-b521-6c5537211b99
24,यह google_play का फॉलबैक नमूना 2 है और यह social_media डोमेन के परीक्षण के लिए पर्याप्त शब्द रखता है।,यह google_play का फॉलबैक नमूना 2 है और यह social_media डोमेन के परीक्षण के लिए पर्याप्त शब्द रखता है।,hi,Hindi,devanagari,social_media,google_play,,,neutral,,,0.95,The statement is a factual description of the sample's purpose and adequacy with no emotional or evaluative language.,ollama,False,com.facebook.katana,3.0,neutral,2026-04-06T11:40:44.405396+00:00,62d09d0f-37b4-498f-b521-6c5537211b99
25,यह youtube का फॉलबैक नमूना 2 है और यह social_media डोमेन के परीक्षण के लिए पर्याप्त शब्द रखता है।,यह youtube का फॉलबैक नमूना 2 है और यह social_media डोमेन के परीक्षण के लिए पर्याप्त शब्द रखता है। यह बहुत शानदार है और मुझे यह बहुत पसंद है।,hi,Hindi,devanagari,social_media,youtube,https://www.youtube.com/watch?v=fallback_hi_2,,positive,,,0.95,"The text contains explicit positive phrases like 'बहुत शानदार' (very great) and 'मुझे यह बहुत पसंद है' (I really like it), indicating strong positive sentiment.",ollama,False,,,,2026-04-06T11:40:44.405396+00:00,62d09d0f-37b4-498f-b521-6c5537211b99
26,यह youtube का फॉलबैक नमूना 3 है और यह social_media डोमेन के परीक्षण के लिए पर्याप्त शब्द रखता है।,यह youtube का फॉलबैक नमूना 3 है और यह social_media डोमेन के परीक्षण के लिए पर्याप्त शब्द रखता है। यह बहुत खराब है और मुझे यह बिल्कुल पसंद नहीं है।,hi,Hindi,devanagari,social_media,youtube,https://www.youtube.com/watch?v=fallback_hi_3,,negative,,,0.95,"The text explicitly states 'यह बहुत खराब है' (it is very bad) and 'मुझे यह बिल्कुल पसंद नहीं है' (I don't like it at all), indicating strong negative sentiment.",ollama,False,,,,2026-04-06T11:40:44.405396+00:00,62d09d0f-37b4-498f-b521-6c5537211b99
27,यह google_play का फॉलबैक नमूना 3 है और यह social_media डोमेन के परीक्षण के लिए पर्याप्त शब्द रखता है।,यह google_play का फॉलबैक नमूना 3 है और यह social_media डोमेन के परीक्षण के लिए पर्याप्त शब्द रखता है।,hi,Hindi,devanagari,social_media,google_play,,,neutral,,,0.95,The text is a factual statement about a technical sample for testing with no emotional or evaluative language.,ollama,False,com.sharechat.app,1.0,negative,2026-04-06T11:40:44.405396+00:00,62d09d0f-37b4-498f-b521-6c5537211b99
28,यह google_play का फॉलबैक नमूना 1 है और यह social_media डोमेन के परीक्षण के लिए पर्याप्त शब्द रखता है।,यह google_play का फॉलबैक नमूना 1 है और यह social_media डोमेन के परीक्षण के लिए पर्याप्त शब्द रखता है। यह बहुत शानदार है और मुझे यह बहुत पसंद है।,hi,Hindi,devanagari,social_media,google_play,,,positive,,,0.95,The text contains strong positive phrases like 'बहुत शानदार है' (very great) and 'मुझे यह बहुत पसंद है' (I really like it).,ollama,False,com.instagram.android,5.0,positive,2026-04-06T11:40:44.405396+00:00,62d09d0f-37b4-498f-b521-6c5537211b99
29,यह google_play का फॉलबैक नमूना 2 है और यह social_media डोमेन के परीक्षण के लिए पर्याप्त शब्द रखता है।,यह google_play का फॉलबैक नमूना 2 है और यह social_media डोमेन के परीक्षण के लिए पर्याप्त शब्द रखता है। यह बहुत खराब है और मुझे यह बिल्कुल पसंद नहीं है।,hi,Hindi,devanagari,social_media,google_play,,,negative,,,0.95,"The text explicitly states 'यह बहुत खराब है और मुझे यह बिल्कुल पसंद नहीं है' (It is very bad and I don't like it at all), indicating strong negative sentiment.",ollama,False,com.facebook.katana,3.0,neutral,2026-04-06T11:40:44.405396+00:00,62d09d0f-37b4-498f-b521-6c5537211b99
30,यह news का फॉलबैक नमूना 1 है और यह social_media डोमेन के परीक्षण के लिए पर्याप्त शब्द रखता है।,यह news का फॉलबैक नमूना 1 है और यह social_media डोमेन के परीक्षण के लिए पर्याप्त शब्द रखता है।,hi,Hindi,devanagari,social_media,news,https://news.example.com/hi/social_media/1,,neutral,,,0.95,The text is a factual statement about a test sample with no emotional language or subjective evaluation.,ollama,False,,,,2026-04-06T11:40:44.405396+00:00,62d09d0f-37b4-498f-b521-6c5537211b99
31,यह google_play का फॉलबैक नमूना 3 है और यह social_media डोमेन के परीक्षण के लिए पर्याप्त शब्द रखता है।,यह google_play का फॉलबैक नमूना 3 है और यह social_media डोमेन के परीक्षण के लिए पर्याप्त शब्द रखता है। यह बहुत शानदार है और मुझे यह बहुत पसंद है।,hi,Hindi,devanagari,social_media,google_play,,,positive,,,0.95,"The text contains positive phrases like 'बहुत शानदार' (very great) and 'मुझे यह बहुत पसंद है' (I really like this), clearly indicating positive sentiment.",ollama,False,com.sharechat.app,1.0,negative,2026-04-06T11:40:44.405396+00:00,62d09d0f-37b4-498f-b521-6c5537211b99
32,यह news का फॉलबैक नमूना 1 है और यह social_media डोमेन के परीक्षण के लिए पर्याप्त शब्द रखता है।,यह news का फॉलबैक नमूना 1 है और यह social_media डोमेन के परीक्षण के लिए पर्याप्त शब्द रखता है। यह बहुत खराब है और मुझे यह बिल्कुल पसंद नहीं है।,hi,Hindi,devanagari,social_media,news,https://news.example.com/hi/social_media/1,,negative,,,0.95,"The text explicitly states 'यह बहुत खराब है और मुझे यह बिल्कुल पसंद नहीं है' (This is very bad and I don't like it at all), clearly expressing negative sentiment.",ollama,False,,,,2026-04-06T11:40:44.405396+00:00,62d09d0f-37b4-498f-b521-6c5537211b99
33,यह news का फॉलबैक नमूना 2 है और यह social_media डोमेन के परीक्षण के लिए पर्याप्त शब्द रखता है।,यह news का फॉलबैक नमूना 2 है और यह social_media डोमेन के परीक्षण के लिए पर्याप्त शब्द रखता है।,hi,Hindi,devanagari,social_media,news,https://news.example.com/hi/social_media/2,,neutral,,,0.95,The text is a factual statement about a test sample with no emotional tone.,ollama,False,,,,2026-04-06T11:40:44.405396+00:00,62d09d0f-37b4-498f-b521-6c5537211b99
34,यह news का फॉलबैक नमूना 2 है और यह social_media डोमेन के परीक्षण के लिए पर्याप्त शब्द रखता है।,यह news का फॉलबैक नमूना 2 है और यह social_media डोमेन के परीक्षण के लिए पर्याप्त शब्द रखता है। यह बहुत शानदार है और मुझे यह बहुत पसंद है।,hi,Hindi,devanagari,social_media,news,https://news.example.com/hi/social_media/2,,positive,,,0.95,"The text contains explicit positive phrases like 'बहुत शानदार है' (very great) and 'मुझे यह बहुत पसंद है' (I really like it), indicating strong positive sentiment.",ollama,False,,,,2026-04-06T11:40:44.405396+00:00,62d09d0f-37b4-498f-b521-6c5537211b99
35,यह news का फॉलबैक नमूना 3 है और यह social_media डोमेन के परीक्षण के लिए पर्याप्त शब्द रखता है।,यह news का फॉलबैक नमूना 3 है और यह social_media डोमेन के परीक्षण के लिए पर्याप्त शब्द रखता है। यह बहुत खराब है और मुझे यह बिल्कुल पसंद नहीं है।,hi,Hindi,devanagari,social_media,news,https://news.example.com/hi/social_media/3,,negative,,,0.95,"The text explicitly states 'यह बहुत खराब है' (very bad) and 'मुझे यह बिल्कुल पसंद नहीं है' (I don't like it at all), indicating strong negative sentiment.",ollama,False,,,,2026-04-06T11:40:44.405396+00:00,62d09d0f-37b4-498f-b521-6c5537211b99
36,यह news का फॉलबैक नमूना 3 है और यह social_media डोमेन के परीक्षण के लिए पर्याप्त शब्द रखता है।,यह news का फॉलबैक नमूना 3 है और यह social_media डोमेन के परीक्षण के लिए पर्याप्त शब्द रखता है।,hi,Hindi,devanagari,social_media,news,https://news.example.com/hi/social_media/3,,neutral,,,0.95,The text is a factual statement about a test sample meeting requirements with no emotional or evaluative language.,ollama,False,,,,2026-04-06T11:40:44.405396+00:00,62d09d0f-37b4-498f-b521-6c5537211b99
37,यह reddit का फॉलबैक नमूना 1 है और यह social_media डोमेन के परीक्षण के लिए पर्याप्त शब्द रखता है।,यह reddit का फॉलबैक नमूना 1 है और यह social_media डोमेन के परीक्षण के लिए पर्याप्त शब्द रखता है। यह बहुत शानदार है और मुझे यह बहुत पसंद है।,hi,Hindi,devanagari,social_media,reddit,https://reddit.com/r/sample/comments/hi_1,sample,positive,,,0.95,"The text includes phrases like 'बहुत शानदार' (very great) and 'मुझे यह बहुत पसंद है' (I really like it), which clearly express positive sentiment.",ollama,False,,,,2026-04-06T11:40:44.405396+00:00,62d09d0f-37b4-498f-b521-6c5537211b99
38,यह reddit का फॉलबैक नमूना 2 है और यह social_media डोमेन के परीक्षण के लिए पर्याप्त शब्द रखता है।,यह reddit का फॉलबैक नमूना 2 है और यह social_media डोमेन के परीक्षण के लिए पर्याप्त शब्द रखता है। यह बहुत खराब है और मुझे यह बिल्कुल पसंद नहीं है।,hi,Hindi,devanagari,social_media,reddit,https://reddit.com/r/sample/comments/hi_2,sample,negative,,,0.95,"The text explicitly states 'यह बहुत खराब है' (very bad) and 'मुझे यह बिल्कुल पसंद नहीं है' (I don't like it at all), indicating strong negative sentiment.",ollama,False,,,,2026-04-06T11:40:44.405396+00:00,62d09d0f-37b4-498f-b521-6c5537211b99
39,यह reddit का फॉलबैक नमूना 3 है और यह social_media डोमेन के परीक्षण के लिए पर्याप्त शब्द रखता है।,यह reddit का फॉलबैक नमूना 3 है और यह social_media डोमेन के परीक्षण के लिए पर्याप्त शब्द रखता है। यह बहुत शानदार है और मुझे यह बहुत पसंद है।,hi,Hindi,devanagari,social_media,reddit,https://reddit.com/r/sample/comments/hi_3,sample,positive,,,0.95,"The text contains strong positive phrases like 'बहुत शानदार' (very great) and 'मुझे यह बहुत पसंद है' (I really like it), indicating clear positive sentiment.",ollama,False,,,,2026-04-06T11:40:44.405396+00:00,62d09d0f-37b4-498f-b521-6c5537211b99
40,यह youtube का फॉलबैक नमूना 1 है और यह social_media डोमेन के परीक्षण के लिए पर्याप्त शब्द रखता है।,यह youtube का फॉलबैक नमूना 1 है और यह social_media डोमेन के परीक्षण के लिए पर्याप्त शब्द रखता है। यह बहुत खराब है और मुझे यह बिल्कुल पसंद नहीं है।,hi,Hindi,devanagari,social_media,youtube,https://www.youtube.com/watch?v=fallback_hi_1,,negative,,,0.95,"The text explicitly states 'यह बहुत खराब है और मुझे यह बिल्कुल पसंद नहीं है' (This is very bad and I don't like it at all), indicating strong negative sentiment.",ollama,False,,,,2026-04-06T11:40:44.405396+00:00,62d09d0f-37b4-498f-b521-6c5537211b99
41,यह youtube का फॉलबैक नमूना 2 है और यह social_media डोमेन के परीक्षण के लिए पर्याप्त शब्द रखता है।,यह youtube का फॉलबैक नमूना 2 है और यह social_media डोमेन के परीक्षण के लिए पर्याप्त शब्द रखता है। यह बहुत शानदार है और मुझे यह बहुत पसंद है।,hi,Hindi,devanagari,social_media,youtube,https://www.youtube.com/watch?v=fallback_hi_2,,positive,,,0.95,"The text contains explicit positive phrases like 'बहुत शानदार' (very great) and 'मुझे यह बहुत पसंद है' (I really like it), indicating a positive sentiment.",ollama,False,,,,2026-04-06T11:40:44.405396+00:00,62d09d0f-37b4-498f-b521-6c5537211b99
42,यह youtube का फॉलबैक नमूना 3 है और यह social_media डोमेन के परीक्षण के लिए पर्याप्त शब्द रखता है।,यह youtube का फॉलबैक नमूना 3 है और यह social_media डोमेन के परीक्षण के लिए पर्याप्त शब्द रखता है। यह बहुत खराब है और मुझे यह बिल्कुल पसंद नहीं है।,hi,Hindi,devanagari,social_media,youtube,https://www.youtube.com/watch?v=fallback_hi_3,,negative,,,0.95,"The text explicitly states 'यह बहुत खराब है' (it is very bad) and 'मुझे यह बिल्कुल पसंद नहीं है' (I don't like it at all), indicating strong negative sentiment.",ollama,False,,,,2026-04-06T11:40:44.405396+00:00,62d09d0f-37b4-498f-b521-6c5537211b99
43,यह google_play का फॉलबैक नमूना 1 है और यह social_media डोमेन के परीक्षण के लिए पर्याप्त शब्द रखता है।,यह google_play का फॉलबैक नमूना 1 है और यह social_media डोमेन के परीक्षण के लिए पर्याप्त शब्द रखता है। यह बहुत शानदार है और मुझे यह बहुत पसंद है।,hi,Hindi,devanagari,social_media,google_play,,,positive,,,0.95,"The text contains explicit positive phrases like 'बहुत शानदार है' (very great) and 'मुझे यह बहुत पसंद है' (I really like it), indicating strong positive sentiment.",ollama,False,com.instagram.android,5.0,positive,2026-04-06T11:40:44.405396+00:00,62d09d0f-37b4-498f-b521-6c5537211b99
44,यह google_play का फॉलबैक नमूना 2 है और यह social_media डोमेन के परीक्षण के लिए पर्याप्त शब्द रखता है।,यह google_play का फॉलबैक नमूना 2 है और यह social_media डोमेन के परीक्षण के लिए पर्याप्त शब्द रखता है। यह बहुत खराब है और मुझे यह बिल्कुल पसंद नहीं है।,hi,Hindi,devanagari,social_media,google_play,,,negative,,,0.95,"The text explicitly states 'यह बहुत खराब है' (very bad) and 'मुझे यह बिल्कुल पसंद नहीं है' (I don't like it at all), indicating strong negative sentiment.",ollama,False,com.facebook.katana,3.0,neutral,2026-04-06T11:40:44.405396+00:00,62d09d0f-37b4-498f-b521-6c5537211b99
45,यह google_play का फॉलबैक नमूना 3 है और यह social_media डोमेन के परीक्षण के लिए पर्याप्त शब्द रखता है।,यह google_play का फॉलबैक नमूना 3 है और यह social_media डोमेन के परीक्षण के लिए पर्याप्त शब्द रखता है। यह बहुत शानदार है और मुझे यह बहुत पसंद है।,hi,Hindi,devanagari,social_media,google_play,,,positive,,,0.95,"Contains positive phrases like 'बहुत शानदार है' (very great) and 'मुझे यह बहुत पसंद है' (I really like this), indicating clear positive sentiment.",ollama,False,com.sharechat.app,1.0,negative,2026-04-06T11:40:44.405396+00:00,62d09d0f-37b4-498f-b521-6c5537211b99
46,यह news का फॉलबैक नमूना 1 है और यह social_media डोमेन के परीक्षण के लिए पर्याप्त शब्द रखता है।,यह news का फॉलबैक नमूना 1 है और यह social_media डोमेन के परीक्षण के लिए पर्याप्त शब्द रखता है। यह बहुत खराब है और मुझे यह बिल्कुल पसंद नहीं है।,hi,Hindi,devanagari,social_media,news,https://news.example.com/hi/social_media/1,,negative,,,0.95,"The text explicitly states 'बहुत खराब' (very bad) and 'बिल्कुल पसंद नहीं है' (don't like at all), indicating strong negative sentiment.",ollama,False,,,,2026-04-06T11:40:44.405396+00:00,62d09d0f-37b4-498f-b521-6c5537211b99
47,यह news का फॉलबैक नमूना 2 है और यह social_media डोमेन के परीक्षण के लिए पर्याप्त शब्द रखता है।,यह news का फॉलबैक नमूना 2 है और यह social_media डोमेन के परीक्षण के लिए पर्याप्त शब्द रखता है। यह बहुत शानदार है और मुझे यह बहुत पसंद है।,hi,Hindi,devanagari,social_media,news,https://news.example.com/hi/social_media/2,,positive,,,0.95,"The text contains clear positive phrases like 'बहुत शानदार' (very great) and 'मुझे यह बहुत पसंद है' (I really like this), indicating strong positive sentiment.",ollama,False,,,,2026-04-06T11:40:44.405396+00:00,62d09d0f-37b4-498f-b521-6c5537211b99
48,यह news का फॉलबैक नमूना 3 है और यह social_media डोमेन के परीक्षण के लिए पर्याप्त शब्द रखता है।,यह news का फॉलबैक नमूना 3 है और यह social_media डोमेन के परीक्षण के लिए पर्याप्त शब्द रखता है। यह बहुत खराब है और मुझे यह बिल्कुल पसंद नहीं है।,hi,Hindi,devanagari,social_media,news,https://news.example.com/hi/social_media/3,,negative,,,0.95,"The text explicitly states 'यह बहुत खराब है और मुझे यह बिल्कुल पसंद नहीं है' (This is very bad and I don't like it at all), which clearly indicates a negative sentiment.",ollama,False,,,,2026-04-06T11:40:44.405396+00:00,62d09d0f-37b4-498f-b521-6c5537211b99
49,यह reddit का फॉलबैक नमूना 1 है और यह social_media डोमेन के परीक्षण के लिए पर्याप्त शब्द रखता है।,यह reddit का फॉलबैक नमूना 1 है और यह social_media डोमेन के परीक्षण के लिए पर्याप्त शब्द रखता है। यह बहुत शानदार है और मुझे यह बहुत पसंद है।,hi,Hindi,devanagari,social_media,reddit,https://reddit.com/r/sample/comments/hi_1,sample,positive,,,0.95,The text contains clear positive phrases like 'बहुत शानदार है' (very great) and 'मुझे यह बहुत पसंद है' (I really like it).,ollama,False,,,,2026-04-06T11:40:44.405396+00:00,62d09d0f-37b4-498f-b521-6c5537211b99
50,यह reddit का फॉलबैक नमूना 2 है और यह social_media डोमेन के परीक्षण के लिए पर्याप्त शब्द रखता है।,यह reddit का फॉलबैक नमूना 2 है और यह social_media डोमेन के परीक्षण के लिए पर्याप्त शब्द रखता है। यह बहुत खराब है और मुझे यह बिल्कुल पसंद नहीं है।,hi,Hindi,devanagari,social_media,reddit,https://reddit.com/r/sample/comments/hi_2,sample,negative,,,0.95,"The text explicitly states 'यह बहुत खराब है' (very bad) and 'मुझे यह बिल्कुल पसंद नहीं है' (I don't like it at all), indicating strong negative sentiment.",ollama,False,,,,2026-04-06T11:40:44.405396+00:00,62d09d0f-37b4-498f-b521-6c5537211b99
51,यह reddit का फॉलबैक नमूना 3 है और यह social_media डोमेन के परीक्षण के लिए पर्याप्त शब्द रखता है।,यह reddit का फॉलबैक नमूना 3 है और यह social_media डोमेन के परीक्षण के लिए पर्याप्त शब्द रखता है। यह बहुत शानदार है और मुझे यह बहुत पसंद है।,hi,Hindi,devanagari,social_media,reddit,https://reddit.com/r/sample/comments/hi_3,sample,positive,,,0.95,"The text contains explicit positive phrases like 'बहुत शानदार है' (very great) and 'मुझे यह बहुत पसंद है' (I really like it), clearly indicating positive sentiment.",ollama,False,,,,2026-04-06T11:40:44.405396+00:00,62d09d0f-37b4-498f-b521-6c5537211b99
52,यह youtube का फॉलबैक नमूना 1 है और यह social_media डोमेन के परीक्षण के लिए पर्याप्त शब्द रखता है।,यह youtube का फॉलबैक नमूना 1 है और यह social_media डोमेन के परीक्षण के लिए पर्याप्त शब्द रखता है। यह बहुत खराब है और मुझे यह बिल्कुल पसंद नहीं है।,hi,Hindi,devanagari,social_media,youtube,https://www.youtube.com/watch?v=fallback_hi_1,,negative,,,0.95,"The text explicitly states 'यह बहुत खराब है और मुझे यह बिल्कुल पसंद नहीं है' (This is very bad and I don't like it at all), indicating strong negative sentiment.",ollama,False,,,,2026-04-06T11:40:44.405396+00:00,62d09d0f-37b4-498f-b521-6c5537211b99
53,यह youtube का फॉलबैक नमूना 2 है और यह social_media डोमेन के परीक्षण के लिए पर्याप्त शब्द रखता है।,यह youtube का फॉलबैक नमूना 2 है और यह social_media डोमेन के परीक्षण के लिए पर्याप्त शब्द रखता है। यह बहुत शानदार है और मुझे यह बहुत पसंद है।,hi,Hindi,devanagari,social_media,youtube,https://www.youtube.com/watch?v=fallback_hi_2,,positive,,,0.95,"The text contains explicit positive phrases like 'बहुत शानदार' (very great) and 'मुझे यह बहुत पसंद है' (I really like it), indicating strong positive sentiment.",ollama,False,,,,2026-04-06T11:40:44.405396+00:00,62d09d0f-37b4-498f-b521-6c5537211b99
54,यह youtube का फॉलबैक नमूना 3 है और यह social_media डोमेन के परीक्षण के लिए पर्याप्त शब्द रखता है।,यह youtube का फॉलबैक नमूना 3 है और यह social_media डोमेन के परीक्षण के लिए पर्याप्त शब्द रखता है। यह बहुत खराब है और मुझे यह बिल्कुल पसंद नहीं है।,hi,Hindi,devanagari,social_media,youtube,https://www.youtube.com/watch?v=fallback_hi_3,,negative,,,0.95,"The text explicitly states 'यह बहुत खराब है' (it is very bad) and 'मुझे यह बिल्कुल पसंद नहीं है' (I don't like it at all), indicating strong negative sentiment.",ollama,False,,,,2026-04-06T11:40:44.405396+00:00,62d09d0f-37b4-498f-b521-6c5537211b99
55,यह google_play का फॉलबैक नमूना 1 है और यह social_media डोमेन के परीक्षण के लिए पर्याप्त शब्द रखता है।,यह google_play का फॉलबैक नमूना 1 है और यह social_media डोमेन के परीक्षण के लिए पर्याप्त शब्द रखता है। यह बहुत शानदार है और मुझे यह बहुत पसंद है।,hi,Hindi,devanagari,social_media,google_play,,,positive,,,0.95,"The text includes clear positive phrases like 'बहुत शानदार है' (very great) and 'मुझे यह बहुत पसंद है' (I really like it), indicating strong positive sentiment.",ollama,False,com.instagram.android,5.0,positive,2026-04-06T11:40:44.405396+00:00,62d09d0f-37b4-498f-b521-6c5537211b99
56,यह google_play का फॉलबैक नमूना 2 है और यह social_media डोमेन के परीक्षण के लिए पर्याप्त शब्द रखता है।,यह google_play का फॉलबैक नमूना 2 है और यह social_media डोमेन के परीक्षण के लिए पर्याप्त शब्द रखता है। यह बहुत खराब है और मुझे यह बिल्कुल पसंद नहीं है।,hi,Hindi,devanagari,social_media,google_play,,,negative,,,0.95,"The text explicitly states 'यह बहुत खराब है' (very bad) and 'मुझे यह बिल्कुल पसंद नहीं है' (I don't like it at all), indicating strong negative sentiment.",ollama,False,com.facebook.katana,3.0,neutral,2026-04-06T11:40:44.405396+00:00,62d09d0f-37b4-498f-b521-6c5537211b99
57,यह google_play का फॉलबैक नमूना 3 है और यह social_media डोमेन के परीक्षण के लिए पर्याप्त शब्द रखता है।,यह google_play का फॉलबैक नमूना 3 है और यह social_media डोमेन के परीक्षण के लिए पर्याप्त शब्द रखता है। यह बहुत शानदार है और मुझे यह बहुत पसंद है।,hi,Hindi,devanagari,social_media,google_play,,,positive,,,0.95,"The text contains clear positive phrases like 'बहुत शानदार है' (very great) and 'मुझे यह बहुत पसंद है' (I really like this), indicating strong positive sentiment.",ollama,False,com.sharechat.app,1.0,negative,2026-04-06T11:40:44.405396+00:00,62d09d0f-37b4-498f-b521-6c5537211b99
58,यह news का फॉलबैक नमूना 1 है और यह social_media डोमेन के परीक्षण के लिए पर्याप्त शब्द रखता है।,यह news का फॉलबैक नमूना 1 है और यह social_media डोमेन के परीक्षण के लिए पर्याप्त शब्द रखता है। यह बहुत खराब है और मुझे यह बिल्कुल पसंद नहीं है।,hi,Hindi,devanagari,social_media,news,https://news.example.com/hi/social_media/1,,negative,,,0.95,"The text explicitly states 'यह बहुत खराब है' (very bad) and 'मुझे यह बिल्कुल पसंद नहीं है' (I don't like it at all), which are strong negative indicators.",ollama,False,,,,2026-04-06T11:40:44.405396+00:00,62d09d0f-37b4-498f-b521-6c5537211b99
59,यह news का फॉलबैक नमूना 2 है और यह social_media डोमेन के परीक्षण के लिए पर्याप्त शब्द रखता है।,यह news का फॉलबैक नमूना 2 है और यह social_media डोमेन के परीक्षण के लिए पर्याप्त शब्द रखता है। यह बहुत शानदार है और मुझे यह बहुत पसंद है।,hi,Hindi,devanagari,social_media,news,https://news.example.com/hi/social_media/2,,positive,,,0.95,"The text contains clear positive phrases like 'बहुत शानदार है' (very great) and 'मुझे यह बहुत पसंद है' (I really like it), indicating strong positive sentiment.",ollama,False,,,,2026-04-06T11:40:44.405396+00:00,62d09d0f-37b4-498f-b521-6c5537211b99
60,यह news का फॉलबैक नमूना 3 है और यह social_media डोमेन के परीक्षण के लिए पर्याप्त शब्द रखता है।,यह news का फॉलबैक नमूना 3 है और यह social_media डोमेन के परीक्षण के लिए पर्याप्त शब्द रखता है। यह बहुत खराब है और मुझे यह बिल्कुल पसंद नहीं है।,hi,Hindi,devanagari,social_media,news,https://news.example.com/hi/social_media/3,,negative,,,0.95,Contains explicit negative phrases like 'बहुत खराब' and 'बिल्कुल पसंद नहीं है' which clearly indicate dissatisfaction.,ollama,False,,,,2026-04-06T11:40:44.405396+00:00,62d09d0f-37b4-498f-b521-6c5537211b99
61,यह reddit का फॉलबैक नमूना 1 है और यह social_media डोमेन के परीक्षण के लिए पर्याप्त शब्द रखता है।,यह reddit का फॉलबैक नमूना 1 है और यह social_media डोमेन के परीक्षण के लिए पर्याप्त शब्द रखता है। यह बहुत शानदार है और मुझे यह बहुत पसंद है।,hi,Hindi,devanagari,social_media,reddit,https://reddit.com/r/sample/comments/hi_1,sample,positive,,,0.95,"The text contains explicit positive phrases like 'बहुत शानदार' (very great) and 'मुझे यह बहुत पसंद है' (I really like it), indicating strong positive sentiment.",ollama,False,,,,2026-04-06T11:40:44.405396+00:00,62d09d0f-37b4-498f-b521-6c5537211b99
62,यह reddit का फॉलबैक नमूना 2 है और यह social_media डोमेन के परीक्षण के लिए पर्याप्त शब्द रखता है।,यह reddit का फॉलबैक नमूना 2 है और यह social_media डोमेन के परीक्षण के लिए पर्याप्त शब्द रखता है। यह बहुत खराब है और मुझे यह बिल्कुल पसंद नहीं है।,hi,Hindi,devanagari,social_media,reddit,https://reddit.com/r/sample/comments/hi_2,sample,negative,,,0.95,"The text explicitly states 'बहुत खराब है' (very bad) and 'बिल्कुल पसंद नहीं है' (don't like at all), indicating strong negative sentiment.",ollama,False,,,,2026-04-06T11:40:44.405396+00:00,62d09d0f-37b4-498f-b521-6c5537211b99
63,यह reddit का फॉलबैक नमूना 3 है और यह social_media डोमेन के परीक्षण के लिए पर्याप्त शब्द रखता है।,यह reddit का फॉलबैक नमूना 3 है और यह social_media डोमेन के परीक्षण के लिए पर्याप्त शब्द रखता है। यह बहुत शानदार है और मुझे यह बहुत पसंद है।,hi,Hindi,devanagari,social_media,reddit,https://reddit.com/r/sample/comments/hi_3,sample,positive,,,0.95,"The text contains strong positive phrases like 'बहुत शानदार' (very great) and 'मुझे यह बहुत पसंद है' (I really like it), indicating clear positive sentiment.",ollama,False,,,,2026-04-06T11:40:44.405396+00:00,62d09d0f-37b4-498f-b521-6c5537211b99
64,यह youtube का फॉलबैक नमूना 1 है और यह social_media डोमेन के परीक्षण के लिए पर्याप्त शब्द रखता है।,यह youtube का फॉलबैक नमूना 1 है और यह social_media डोमेन के परीक्षण के लिए पर्याप्त शब्द रखता है। यह बहुत खराब है और मुझे यह बिल्कुल पसंद नहीं है।,hi,Hindi,devanagari,social_media,youtube,https://www.youtube.com/watch?v=fallback_hi_1,,negative,,,0.95,"The text explicitly states 'यह बहुत खराब है' (very bad) and 'मुझे यह बिल्कुल पसंद नहीं है' (I don't like it at all), indicating strong negative sentiment.",ollama,False,,,,2026-04-06T11:40:44.405396+00:00,62d09d0f-37b4-498f-b521-6c5537211b99
65,यह youtube का फॉलबैक नमूना 2 है और यह social_media डोमेन के परीक्षण के लिए पर्याप्त शब्द रखता है।,यह youtube का फॉलबैक नमूना 2 है और यह social_media डोमेन के परीक्षण के लिए पर्याप्त शब्द रखता है। यह बहुत शानदार है और मुझे यह बहुत पसंद है।,hi,Hindi,devanagari,social_media,youtube,https://www.youtube.com/watch?v=fallback_hi_2,,positive,,,0.95,"The text contains explicit positive phrases like 'बहुत शानदार' (very great) and 'मुझे यह बहुत पसंद है' (I really like it), indicating strong positive sentiment.",ollama,False,,,,2026-04-06T11:40:44.405396+00:00,62d09d0f-37b4-498f-b521-6c5537211b99
66,यह youtube का फॉलबैक नमूना 3 है और यह social_media डोमेन के परीक्षण के लिए पर्याप्त शब्द रखता है।,यह youtube का फॉलबैक नमूना 3 है और यह social_media डोमेन के परीक्षण के लिए पर्याप्त शब्द रखता है। यह बहुत खराब है और मुझे यह बिल्कुल पसंद नहीं है।,hi,Hindi,devanagari,social_media,youtube,https://www.youtube.com/watch?v=fallback_hi_3,,negative,,,0.95,"The text explicitly states 'यह बहुत खराब है' (it is very bad) and 'मुझे यह बिल्कुल पसंद नहीं है' (I don't like it at all), indicating strong negative sentiment.",ollama,False,,,,2026-04-06T11:40:44.405396+00:00,62d09d0f-37b4-498f-b521-6c5537211b99
67,यह google_play का फॉलबैक नमूना 1 है और यह social_media डोमेन के परीक्षण के लिए पर्याप्त शब्द रखता है।,यह google_play का फॉलबैक नमूना 1 है और यह social_media डोमेन के परीक्षण के लिए पर्याप्त शब्द रखता है। यह बहुत शानदार है और मुझे यह बहुत पसंद है।,hi,Hindi,devanagari,social_media,google_play,,,positive,,,0.95,The text contains strong positive phrases like 'बहुत शानदार है' and 'मुझे यह बहुत पसंद है'.,ollama,False,com.instagram.android,5.0,positive,2026-04-06T11:40:44.405396+00:00,62d09d0f-37b4-498f-b521-6c5537211b99
68,यह google_play का फॉलबैक नमूना 2 है और यह social_media डोमेन के परीक्षण के लिए पर्याप्त शब्द रखता है।,यह google_play का फॉलबैक नमूना 2 है और यह social_media डोमेन के परीक्षण के लिए पर्याप्त शब्द रखता है। यह बहुत खराब है और मुझे यह बिल्कुल पसंद नहीं है।,hi,Hindi,devanagari,social_media,google_play,,,negative,,,0.95,"The text explicitly states 'यह बहुत खराब है और मुझे यह बिल्कुल पसंद नहीं है' (This is very bad and I don't like it at all), indicating strong negative sentiment.",ollama,False,com.facebook.katana,3.0,neutral,2026-04-06T11:40:44.405396+00:00,62d09d0f-37b4-498f-b521-6c5537211b99
69,यह google_play का फॉलबैक नमूना 3 है और यह social_media डोमेन के परीक्षण के लिए पर्याप्त शब्द रखता है।,यह google_play का फॉलबैक नमूना 3 है और यह social_media डोमेन के परीक्षण के लिए पर्याप्त शब्द रखता है। यह बहुत शानदार है और मुझे यह बहुत पसंद है।,hi,Hindi,devanagari,social_media,google_play,,,positive,,,0.95,"The text includes strong positive phrases like 'बहुत शानदार है' (very great) and 'मुझे यह बहुत पसंद है' (I really like this), clearly indicating positive sentiment.",ollama,False,com.sharechat.app,1.0,negative,2026-04-06T11:40:44.405396+00:00,62d09d0f-37b4-498f-b521-6c5537211b99
70,यह news का फॉलबैक नमूना 1 है और यह social_media डोमेन के परीक्षण के लिए पर्याप्त शब्द रखता है।,यह news का फॉलबैक नमूना 1 है और यह social_media डोमेन के परीक्षण के लिए पर्याप्त शब्द रखता है। यह बहुत खराब है और मुझे यह बिल्कुल पसंद नहीं है।,hi,Hindi,devanagari,social_media,news,https://news.example.com/hi/social_media/1,,negative,,,0.95,"The text explicitly states 'यह बहुत खराब है और मुझे यह बिल्कुल पसंद नहीं है' (very bad and I don't like it at all), indicating strong negative sentiment.",ollama,False,,,,2026-04-06T11:40:44.405396+00:00,62d09d0f-37b4-498f-b521-6c5537211b99
71,यह news का फॉलबैक नमूना 2 है और यह social_media डोमेन के परीक्षण के लिए पर्याप्त शब्द रखता है।,यह news का फॉलबैक नमूना 2 है और यह social_media डोमेन के परीक्षण के लिए पर्याप्त शब्द रखता है। यह बहुत शानदार है और मुझे यह बहुत पसंद है।,hi,Hindi,devanagari,social_media,news,https://news.example.com/hi/social_media/2,,positive,,,0.95,"The text contains strong positive phrases like 'बहुत शानदार है' (very great) and 'मुझे यह बहुत पसंद है' (I really like it), indicating clear positive sentiment.",ollama,False,,,,2026-04-06T11:40:44.405396+00:00,62d09d0f-37b4-498f-b521-6c5537211b99
72,यह news का फॉलबैक नमूना 3 है और यह social_media डोमेन के परीक्षण के लिए पर्याप्त शब्द रखता है।,यह news का फॉलबैक नमूना 3 है और यह social_media डोमेन के परीक्षण के लिए पर्याप्त शब्द रखता है। यह बहुत खराब है और मुझे यह बिल्कुल पसंद नहीं है।,hi,Hindi,devanagari,social_media,news,https://news.example.com/hi/social_media/3,,negative,,,0.95,"The text explicitly states 'यह बहुत खराब है और मुझे यह बिल्कुल पसंद नहीं है' (This is very bad and I don't like it at all), indicating strong negative sentiment.",ollama,False,,,,2026-04-06T11:40:44.405396+00:00,62d09d0f-37b4-498f-b521-6c5537211b99
73,यह reddit का फॉलबैक नमूना 1 है और यह social_media डोमेन के परीक्षण के लिए पर्याप्त शब्द रखता है।,यह reddit का फॉलबैक नमूना 1 है और यह social_media डोमेन के परीक्षण के लिए पर्याप्त शब्द रखता है। यह बहुत शानदार है और मुझे यह बहुत पसंद है।,hi,Hindi,devanagari,social_media,reddit,https://reddit.com/r/sample/comments/hi_1,sample,positive,,,0.95,The text contains clear positive phrases like 'बहुत शानदार है' (very great) and 'मुझे यह बहुत पसंद है' (I really like it).,ollama,False,,,,2026-04-06T11:40:44.405396+00:00,62d09d0f-37b4-498f-b521-6c5537211b99
74,यह reddit का फॉलबैक नमूना 2 है और यह social_media डोमेन के परीक्षण के लिए पर्याप्त शब्द रखता है।,यह reddit का फॉलबैक नमूना 2 है और यह social_media डोमेन के परीक्षण के लिए पर्याप्त शब्द रखता है। यह बहुत खराब है और मुझे यह बिल्कुल पसंद नहीं है।,hi,Hindi,devanagari,social_media,reddit,https://reddit.com/r/sample/comments/hi_2,sample,negative,,,0.95,"The text explicitly states 'यह बहुत खराब है' (very bad) and 'मुझे यह बिल्कुल पसंद नहीं है' (I don't like it at all), indicating strong negative sentiment.",ollama,False,,,,2026-04-06T11:40:44.405396+00:00,62d09d0f-37b4-498f-b521-6c5537211b99
75,यह reddit का फॉलबैक नमूना 3 है और यह social_media डोमेन के परीक्षण के लिए पर्याप्त शब्द रखता है।,यह reddit का फॉलबैक नमूना 3 है और यह social_media डोमेन के परीक्षण के लिए पर्याप्त शब्द रखता है। यह बहुत शानदार है और मुझे यह बहुत पसंद है।,hi,Hindi,devanagari,social_media,reddit,https://reddit.com/r/sample/comments/hi_3,sample,positive,,,0.95,"The text contains clear positive phrases like 'बहुत शानदार है' (very great) and 'मुझे यह बहुत पसंद है' (I really like it), indicating strong positive sentiment.",ollama,False,,,,2026-04-06T11:40:44.405396+00:00,62d09d0f-37b4-498f-b521-6c5537211b99
76,यह youtube का फॉलबैक नमूना 1 है और यह social_media डोमेन के परीक्षण के लिए पर्याप्त शब्द रखता है।,यह youtube का फॉलबैक नमूना 1 है और यह social_media डोमेन के परीक्षण के लिए पर्याप्त शब्द रखता है। यह बहुत खराब है और मुझे यह बिल्कुल पसंद नहीं है।,hi,Hindi,devanagari,social_media,youtube,https://www.youtube.com/watch?v=fallback_hi_1,,negative,,,0.95,"The text explicitly states 'यह बहुत खराब है' (very bad) and 'मुझे यह बिल्कुल पसंद नहीं है' (I don't like it at all), indicating strong negative sentiment.",ollama,False,,,,2026-04-06T11:40:44.405396+00:00,62d09d0f-37b4-498f-b521-6c5537211b99
77,यह youtube का फॉलबैक नमूना 2 है और यह social_media डोमेन के परीक्षण के लिए पर्याप्त शब्द रखता है।,यह youtube का फॉलबैक नमूना 2 है और यह social_media डोमेन के परीक्षण के लिए पर्याप्त शब्द रखता है। यह बहुत शानदार है और मुझे यह बहुत पसंद है।,hi,Hindi,devanagari,social_media,youtube,https://www.youtube.com/watch?v=fallback_hi_2,,positive,,,0.95,"The text contains strong positive expressions like 'बहुत शानदार' (very great) and 'मुझे यह बहुत पसंद है' (I really like it), clearly indicating positive sentiment.",ollama,False,,,,2026-04-06T11:40:44.405396+00:00,62d09d0f-37b4-498f-b521-6c5537211b99
78,यह youtube का फॉलबैक नमूना 3 है और यह social_media डोमेन के परीक्षण के लिए पर्याप्त शब्द रखता है।,यह youtube का फॉलबैक नमूना 3 है और यह social_media डोमेन के परीक्षण के लिए पर्याप्त शब्द रखता है। यह बहुत खराब है और मुझे यह बिल्कुल पसंद नहीं है।,hi,Hindi,devanagari,social_media,youtube,https://www.youtube.com/watch?v=fallback_hi_3,,negative,,,0.95,"The text explicitly states 'यह बहुत खराब है' (very bad) and 'मुझे यह बिल्कुल पसंद नहीं है' (I don't like it at all), indicating strong negative sentiment.",ollama,False,,,,2026-04-06T11:40:44.405396+00:00,62d09d0f-37b4-498f-b521-6c5537211b99
79,यह google_play का फॉलबैक नमूना 1 है और यह social_media डोमेन के परीक्षण के लिए पर्याप्त शब्द रखता है।,यह google_play का फॉलबैक नमूना 1 है और यह social_media डोमेन के परीक्षण के लिए पर्याप्त शब्द रखता है। यह बहुत शानदार है और मुझे यह बहुत पसंद है।,hi,Hindi,devanagari,social_media,google_play,,,positive,,,0.95,"The text contains explicit positive phrases like 'बहुत शानदार है' (very great) and 'मुझे यह बहुत पसंद है' (I really like it), indicating strong positive sentiment.",ollama,False,com.instagram.android,5.0,positive,2026-04-06T11:40:44.405396+00:00,62d09d0f-37b4-498f-b521-6c5537211b99
80,यह google_play का फॉलबैक नमूना 2 है और यह social_media डोमेन के परीक्षण के लिए पर्याप्त शब्द रखता है।,यह google_play का फॉलबैक नमूना 2 है और यह social_media डोमेन के परीक्षण के लिए पर्याप्त शब्द रखता है। यह बहुत खराब है और मुझे यह बिल्कुल पसंद नहीं है।,hi,Hindi,devanagari,social_media,google_play,,,negative,,,0.95,"The text explicitly states 'यह बहुत खराब है' (very bad) and 'मुझे यह बिल्कुल पसंद नहीं है' (I don't like it at all), indicating strong negative sentiment.",ollama,False,com.facebook.katana,3.0,neutral,2026-04-06T11:40:44.405396+00:00,62d09d0f-37b4-498f-b521-6c5537211b99
81,यह google_play का फॉलबैक नमूना 3 है और यह social_media डोमेन के परीक्षण के लिए पर्याप्त शब्द रखता है।,यह google_play का फॉलबैक नमूना 3 है और यह social_media डोमेन के परीक्षण के लिए पर्याप्त शब्द रखता है। यह बहुत शानदार है और मुझे यह बहुत पसंद है।,hi,Hindi,devanagari,social_media,google_play,,,positive,,,0.95,"The text contains explicit positive phrases like 'बहुत शानदार' (very great) and 'मुझे यह बहुत पसंद है' (I really like this), indicating strong positive sentiment.",ollama,False,com.sharechat.app,1.0,negative,2026-04-06T11:40:44.405396+00:00,62d09d0f-37b4-498f-b521-6c5537211b99
82,यह news का फॉलबैक नमूना 1 है और यह social_media डोमेन के परीक्षण के लिए पर्याप्त शब्द रखता है।,यह news का फॉलबैक नमूना 1 है और यह social_media डोमेन के परीक्षण के लिए पर्याप्त शब्द रखता है। यह बहुत खराब है और मुझे यह बिल्कुल पसंद नहीं है।,hi,Hindi,devanagari,social_media,news,https://news.example.com/hi/social_media/1,,negative,,,0.95,"The text explicitly states 'यह बहुत खराब है' (very bad) and 'मुझे यह बिल्कुल पसंद नहीं है' (I don't like it at all), indicating strong negative sentiment.",ollama,False,,,,2026-04-06T11:40:44.405396+00:00,62d09d0f-37b4-498f-b521-6c5537211b99
83,यह news का फॉलबैक नमूना 2 है और यह social_media डोमेन के परीक्षण के लिए पर्याप्त शब्द रखता है।,यह news का फॉलबैक नमूना 2 है और यह social_media डोमेन के परीक्षण के लिए पर्याप्त शब्द रखता है। यह बहुत शानदार है और मुझे यह बहुत पसंद है।,hi,Hindi,devanagari,social_media,news,https://news.example.com/hi/social_media/2,,positive,,,0.95,"The text contains strong positive phrases like 'बहुत शानदार है' (very great) and 'मुझे यह बहुत पसंद है' (I really like it), indicating clear positive sentiment.",ollama,False,,,,2026-04-06T11:40:44.405396+00:00,62d09d0f-37b4-498f-b521-6c5537211b99
84,यह news का फॉलबैक नमूना 3 है और यह social_media डोमेन के परीक्षण के लिए पर्याप्त शब्द रखता है।,यह news का फॉलबैक नमूना 3 है और यह social_media डोमेन के परीक्षण के लिए पर्याप्त शब्द रखता है। यह बहुत खराब है और मुझे यह बिल्कुल पसंद नहीं है।,hi,Hindi,devanagari,social_media,news,https://news.example.com/hi/social_media/3,,negative,,,0.95,"The text explicitly states 'बहुत खराब है' (very bad) and 'मुझे यह बिल्कुल पसंद नहीं है' (I don't like it at all), indicating strong negative sentiment.",ollama,False,,,,2026-04-06T11:40:44.405396+00:00,62d09d0f-37b4-498f-b521-6c5537211b99
85,यह reddit का फॉलबैक नमूना 1 है और यह social_media डोमेन के परीक्षण के लिए पर्याप्त शब्द रखता है।,यह reddit का फॉलबैक नमूना 1 है और यह social_media डोमेन के परीक्षण के लिए पर्याप्त शब्द रखता है। यह बहुत शानदार है और मुझे यह बहुत पसंद है।,hi,Hindi,devanagari,social_media,reddit,https://reddit.com/r/sample/comments/hi_1,sample,positive,,,0.95,"The text contains positive words like 'शानदार' (great) and 'पसंद है' (like), indicating a positive sentiment.",ollama,False,,,,2026-04-06T11:40:44.405396+00:00,62d09d0f-37b4-498f-b521-6c5537211b99
86,यह reddit का फॉलबैक नमूना 2 है और यह social_media डोमेन के परीक्षण के लिए पर्याप्त शब्द रखता है।,यह reddit का फॉलबैक नमूना 2 है और यह social_media डोमेन के परीक्षण के लिए पर्याप्त शब्द रखता है। यह बहुत खराब है और मुझे यह बिल्कुल पसंद नहीं है।,hi,Hindi,devanagari,social_media,reddit,https://reddit.com/r/sample/comments/hi_2,sample,negative,,,0.95,"The text explicitly states 'यह बहुत खराब है' (very bad) and 'मुझे यह बिल्कुल पसंद नहीं है' (I don't like it at all), indicating strong negative sentiment.",ollama,False,,,,2026-04-06T11:40:44.405396+00:00,62d09d0f-37b4-498f-b521-6c5537211b99
87,यह reddit का फॉलबैक नमूना 3 है और यह social_media डोमेन के परीक्षण के लिए पर्याप्त शब्द रखता है।,यह reddit का फॉलबैक नमूना 3 है और यह social_media डोमेन के परीक्षण के लिए पर्याप्त शब्द रखता है। यह बहुत शानदार है और मुझे यह बहुत पसंद है।,hi,Hindi,devanagari,social_media,reddit,https://reddit.com/r/sample/comments/hi_3,sample,positive,,,0.95,"The text contains explicit positive phrases like 'बहुत शानदार' (very great) and 'मुझे यह बहुत पसंद है' (I really like it), indicating strong positive sentiment.",ollama,False,,,,2026-04-06T11:40:44.405396+00:00,62d09d0f-37b4-498f-b521-6c5537211b99
88,यह youtube का फॉलबैक नमूना 1 है और यह social_media डोमेन के परीक्षण के लिए पर्याप्त शब्द रखता है।,यह youtube का फॉलबैक नमूना 1 है और यह social_media डोमेन के परीक्षण के लिए पर्याप्त शब्द रखता है। यह बहुत खराब है और मुझे यह बिल्कुल पसंद नहीं है।,hi,Hindi,devanagari,social_media,youtube,https://www.youtube.com/watch?v=fallback_hi_1,,negative,,,0.95,"The text explicitly states 'यह बहुत खराब है और मुझे यह बिल्कुल पसंद नहीं है' (This is very bad and I don't like it at all), which clearly conveys negative sentiment.",ollama,False,,,,2026-04-06T11:40:44.405396+00:00,62d09d0f-37b4-498f-b521-6c5537211b99
89,यह youtube का फॉलबैक नमूना 2 है और यह social_media डोमेन के परीक्षण के लिए पर्याप्त शब्द रखता है।,यह youtube का फॉलबैक नमूना 2 है और यह social_media डोमेन के परीक्षण के लिए पर्याप्त शब्द रखता है। यह बहुत शानदार है और मुझे यह बहुत पसंद है।,hi,Hindi,devanagari,social_media,youtube,https://www.youtube.com/watch?v=fallback_hi_2,,positive,,,0.95,"The text contains explicit positive phrases like 'बहुत शानदार' (very great) and 'मुझे यह बहुत पसंद है' (I really like it), indicating strong positive sentiment.",ollama,False,,,,2026-04-06T11:40:44.405396+00:00,62d09d0f-37b4-498f-b521-6c5537211b99
90,यह youtube का फॉलबैक नमूना 3 है और यह social_media डोमेन के परीक्षण के लिए पर्याप्त शब्द रखता है।,यह youtube का फॉलबैक नमूना 3 है और यह social_media डोमेन के परीक्षण के लिए पर्याप्त शब्द रखता है। यह बहुत खराब है और मुझे यह बिल्कुल पसंद नहीं है।,hi,Hindi,devanagari,social_media,youtube,https://www.youtube.com/watch?v=fallback_hi_3,,negative,,,0.95,"The text explicitly states 'यह बहुत खराब है' (it is very bad) and 'मुझे यह बिल्कुल पसंद नहीं है' (I don't like it at all), indicating strong negative sentiment.",ollama,False,,,,2026-04-06T11:40:44.405396+00:00,62d09d0f-37b4-498f-b521-6c5537211b99
91,यह google_play का फॉलबैक नमूना 1 है और यह social_media डोमेन के परीक्षण के लिए पर्याप्त शब्द रखता है।,यह google_play का फॉलबैक नमूना 1 है और यह social_media डोमेन के परीक्षण के लिए पर्याप्त शब्द रखता है। यह बहुत शानदार है और मुझे यह बहुत पसंद है।,hi,Hindi,devanagari,social_media,google_play,,,positive,,,0.95,"The text contains explicit positive phrases like 'बहुत शानदार है' (very great) and 'मुझे यह बहुत पसंद है' (I really like it), indicating strong positive sentiment.",ollama,False,com.instagram.android,5.0,positive,2026-04-06T11:40:44.405396+00:00,62d09d0f-37b4-498f-b521-6c5537211b99
92,यह google_play का फॉलबैक नमूना 2 है और यह social_media डोमेन के परीक्षण के लिए पर्याप्त शब्द रखता है।,यह google_play का फॉलबैक नमूना 2 है और यह social_media डोमेन के परीक्षण के लिए पर्याप्त शब्द रखता है। यह बहुत खराब है और मुझे यह बिल्कुल पसंद नहीं है।,hi,Hindi,devanagari,social_media,google_play,,,negative,,,0.95,"The text explicitly states 'very bad' and 'I don't like it at all,' indicating strong negative sentiment.",ollama,False,com.facebook.katana,3.0,neutral,2026-04-06T11:40:44.405396+00:00,62d09d0f-37b4-498f-b521-6c5537211b99
93,यह google_play का फॉलबैक नमूना 3 है और यह social_media डोमेन के परीक्षण के लिए पर्याप्त शब्द रखता है।,यह google_play का फॉलबैक नमूना 3 है और यह social_media डोमेन के परीक्षण के लिए पर्याप्त शब्द रखता है। यह बहुत शानदार है और मुझे यह बहुत पसंद है।,hi,Hindi,devanagari,social_media,google_play,,,positive,,,0.95,"The text contains clear positive phrases like 'बहुत शानदार है' (very great) and 'मुझे यह बहुत पसंद है' (I really like this), indicating strong positive sentiment.",ollama,False,com.sharechat.app,1.0,negative,2026-04-06T11:40:44.405396+00:00,62d09d0f-37b4-498f-b521-6c5537211b99
94,यह news का फॉलबैक नमूना 1 है और यह social_media डोमेन के परीक्षण के लिए पर्याप्त शब्द रखता है।,यह news का फॉलबैक नमूना 1 है और यह social_media डोमेन के परीक्षण के लिए पर्याप्त शब्द रखता है। यह बहुत खराब है और मुझे यह बिल्कुल पसंद नहीं है।,hi,Hindi,devanagari,social_media,news,https://news.example.com/hi/social_media/1,,negative,,,0.95,"The text explicitly states 'बहुत खराब है' (very bad) and 'मुझे यह बिल्कुल पसंद नहीं है' (I don't like it at all), indicating strong negative sentiment.",ollama,False,,,,2026-04-06T11:40:44.405396+00:00,62d09d0f-37b4-498f-b521-6c5537211b99
95,यह news का फॉलबैक नमूना 2 है और यह social_media डोमेन के परीक्षण के लिए पर्याप्त शब्द रखता है।,यह news का फॉलबैक नमूना 2 है और यह social_media डोमेन के परीक्षण के लिए पर्याप्त शब्द रखता है। यह बहुत शानदार है और मुझे यह बहुत पसंद है।,hi,Hindi,devanagari,social_media,news,https://news.example.com/hi/social_media/2,,positive,,,0.95,"The text contains strong positive phrases like 'बहुत शानदार' (very great) and 'मुझे यह बहुत पसंद है' (I really like this), clearly indicating positive sentiment.",ollama,False,,,,2026-04-06T11:40:44.405396+00:00,62d09d0f-37b4-498f-b521-6c5537211b99
96,यह news का फॉलबैक नमूना 3 है और यह social_media डोमेन के परीक्षण के लिए पर्याप्त शब्द रखता है।,यह news का फॉलबैक नमूना 3 है और यह social_media डोमेन के परीक्षण के लिए पर्याप्त शब्द रखता है। यह बहुत खराब है और मुझे यह बिल्कुल पसंद नहीं है।,hi,Hindi,devanagari,social_media,news,https://news.example.com/hi/social_media/3,,negative,,,0.95,"The text explicitly states 'बहुत खराब है' (very bad) and 'बिल्कुल पसंद नहीं है' (don't like at all), indicating strong negative sentiment.",ollama,False,,,,2026-04-06T11:40:44.405396+00:00,62d09d0f-37b4-498f-b521-6c5537211b99
97,यह reddit का फॉलबैक नमूना 1 है और यह social_media डोमेन के परीक्षण के लिए पर्याप्त शब्द रखता है।,यह reddit का फॉलबैक नमूना 1 है और यह social_media डोमेन के परीक्षण के लिए पर्याप्त शब्द रखता है। यह बहुत शानदार है और मुझे यह बहुत पसंद है।,hi,Hindi,devanagari,social_media,reddit,https://reddit.com/r/sample/comments/hi_1,sample,positive,,,0.95,"The text contains clear positive phrases like 'बहुत शानदार है' (very great) and 'मुझे यह बहुत पसंद है' (I really like it), indicating strong positive sentiment.",ollama,False,,,,2026-04-06T11:40:44.405396+00:00,62d09d0f-37b4-498f-b521-6c5537211b99
98,यह reddit का फॉलबैक नमूना 2 है और यह social_media डोमेन के परीक्षण के लिए पर्याप्त शब्द रखता है।,यह reddit का फॉलबैक नमूना 2 है और यह social_media डोमेन के परीक्षण के लिए पर्याप्त शब्द रखता है। यह बहुत खराब है और मुझे यह बिल्कुल पसंद नहीं है।,hi,Hindi,devanagari,social_media,reddit,https://reddit.com/r/sample/comments/hi_2,sample,negative,,,0.95,"The text explicitly states 'यह बहुत खराब है और मुझे यह बिल्कुल पसंद नहीं है' (This is very bad and I don't like it at all), indicating strong negative sentiment.",ollama,False,,,,2026-04-06T11:40:44.405396+00:00,62d09d0f-37b4-498f-b521-6c5537211b99
99,यह reddit का फॉलबैक नमूना 3 है और यह social_media डोमेन के परीक्षण के लिए पर्याप्त शब्द रखता है।,यह reddit का फॉलबैक नमूना 3 है और यह social_media डोमेन के परीक्षण के लिए पर्याप्त शब्द रखता है। यह बहुत शानदार है और मुझे यह बहुत पसंद है।,hi,Hindi,devanagari,social_media,reddit,https://reddit.com/r/sample/comments/hi_3,sample,positive,,,0.95,"The text contains explicit positive phrases like 'बहुत शानदार' (very great) and 'मुझे यह बहुत पसंद है' (I really like it), indicating strong positive sentiment.",ollama,False,,,,2026-04-06T11:40:44.405396+00:00,62d09d0f-37b4-498f-b521-6c5537211b99
100,यह youtube का फॉलबैक नमूना 1 है और यह social_media डोमेन के परीक्षण के लिए पर्याप्त शब्द रखता है।,यह youtube का फॉलबैक नमूना 1 है और यह social_media डोमेन के परीक्षण के लिए पर्याप्त शब्द रखता है। यह बहुत खराब है और मुझे यह बिल्कुल पसंद नहीं है।,hi,Hindi,devanagari,social_media,youtube,https://www.youtube.com/watch?v=fallback_hi_1,,negative,,,0.95,"The text explicitly states 'बहुत खराब है' (very bad) and 'मुझे यह बिल्कुल पसंद नहीं है' (I don't like it at all), which are strong negative expressions.",ollama,False,,,,2026-04-06T11:40:44.405396+00:00,62d09d0f-37b4-498f-b521-6c5537211b99
101,This is a fallback reddit sample 1 for social_media with enough words for cleaning.,This is a fallback reddit sample 1 for social_media with enough words for cleaning. This is excellent and I absolutely love it.,en,English,latin,social_media,reddit,https://reddit.com/r/sample/comments/en_1,sample,positive,,,0.95,Contains strong positive phrases such as 'excellent' and 'absolutely love'.,ollama,False,,,,2026-04-06T11:40:44.405396+00:00,62d09d0f-37b4-498f-b521-6c5537211b99
102,This is a fallback reddit sample 2 for social_media with enough words for cleaning.,This is a fallback reddit sample 2 for social_media with enough words for cleaning. This is terrible and I strongly dislike it.,en,English,latin,social_media,reddit,https://reddit.com/r/sample/comments/en_2,sample,negative,,,0.95,"The text contains strong negative words like 'terrible' and 'strongly dislike', clearly indicating a negative sentiment.",ollama,False,,,,2026-04-06T11:40:44.405396+00:00,62d09d0f-37b4-498f-b521-6c5537211b99
103,This is a fallback reddit sample 1 for social_media with enough words for cleaning.,This is a fallback reddit sample 1 for social_media with enough words for cleaning.,en,English,latin,social_media,reddit,https://reddit.com/r/sample/comments/en_1,sample,neutral,,,0.95,The text is a factual statement describing a sample for data cleaning with no emotional language or sentiment indicators.,ollama,False,,,,2026-04-06T11:40:44.405396+00:00,62d09d0f-37b4-498f-b521-6c5537211b99
104,This is a fallback reddit sample 3 for social_media with enough words for cleaning.,This is a fallback reddit sample 3 for social_media with enough words for cleaning. This is excellent and I absolutely love it.,en,English,latin,social_media,reddit,https://reddit.com/r/sample/comments/en_3,sample,positive,,,0.95,The text contains strong positive phrases like 'excellent' and 'absolutely love it'.,ollama,False,,,,2026-04-06T11:40:44.405396+00:00,62d09d0f-37b4-498f-b521-6c5537211b99
105,This is a fallback google_play sample 1 for social_media with enough words for cleaning.,This is a fallback google_play sample 1 for social_media with enough words for cleaning. This is terrible and I strongly dislike it.,en,English,latin,social_media,google_play,,,negative,,,0.95,"The text explicitly states 'This is terrible and I strongly dislike it,' which clearly conveys a negative sentiment.",ollama,False,com.instagram.android,5.0,positive,2026-04-06T11:40:44.405396+00:00,62d09d0f-37b4-498f-b521-6c5537211b99
106,This is a fallback reddit sample 2 for social_media with enough words for cleaning.,This is a fallback reddit sample 2 for social_media with enough words for cleaning.,en,English,latin,social_media,reddit,https://reddit.com/r/sample/comments/en_2,sample,neutral,,,0.95,The text is a factual description of a sample with no emotional language or sentiment indicators.,ollama,False,,,,2026-04-06T11:40:44.405396+00:00,62d09d0f-37b4-498f-b521-6c5537211b99
107,This is a fallback google_play sample 2 for social_media with enough words for cleaning.,This is a fallback google_play sample 2 for social_media with enough words for cleaning. This is excellent and I absolutely love it.,en,English,latin,social_media,google_play,,,positive,,,0.95,The phrases 'excellent' and 'absolutely love' clearly express strong positive sentiment.,ollama,False,com.facebook.katana,3.0,neutral,2026-04-06T11:40:44.405396+00:00,62d09d0f-37b4-498f-b521-6c5537211b99
108,This is a fallback google_play sample 3 for social_media with enough words for cleaning.,This is a fallback google_play sample 3 for social_media with enough words for cleaning. This is terrible and I strongly dislike it.,en,English,latin,social_media,google_play,,,negative,,,0.95,"The text explicitly states 'terrible' and 'strongly dislike', indicating strong negative sentiment.",ollama,False,com.sharechat.app,1.0,negative,2026-04-06T11:40:44.405396+00:00,62d09d0f-37b4-498f-b521-6c5537211b99
109,This is a fallback reddit sample 3 for social_media with enough words for cleaning.,This is a fallback reddit sample 3 for social_media with enough words for cleaning.,en,English,latin,social_media,reddit,https://reddit.com/r/sample/comments/en_3,sample,neutral,,,0.95,The text is a factual description with no emotional language or subjective statements.,ollama,False,,,,2026-04-06T11:40:44.405396+00:00,62d09d0f-37b4-498f-b521-6c5537211b99
110,This is a fallback youtube sample 1 for social_media with enough words for cleaning.,This is a fallback youtube sample 1 for social_media with enough words for cleaning. This is excellent and I absolutely love it.,en,English,latin,social_media,youtube,https://www.youtube.com/watch?v=fallback_en_1,,positive,,,0.95,The text contains strong positive phrases like 'excellent' and 'I absolutely love it' which clearly indicate a positive sentiment.,ollama,False,,,,2026-04-06T11:40:44.405396+00:00,62d09d0f-37b4-498f-b521-6c5537211b99
111,This is a fallback youtube sample 2 for social_media with enough words for cleaning.,This is a fallback youtube sample 2 for social_media with enough words for cleaning. This is terrible and I strongly dislike it.,en,English,latin,social_media,youtube,https://www.youtube.com/watch?v=fallback_en_2,,negative,,,0.95,"The text contains explicit negative phrases like 'terrible' and 'strongly dislike', clearly indicating a negative sentiment.",ollama,False,,,,2026-04-06T11:40:44.405396+00:00,62d09d0f-37b4-498f-b521-6c5537211b99
112,This is a fallback google_play sample 1 for social_media with enough words for cleaning.,This is a fallback google_play sample 1 for social_media with enough words for cleaning.,en,English,latin,social_media,google_play,,,neutral,,,0.95,The text is a factual statement describing a technical sample with no emotional language or sentiment indicators.,ollama,False,com.instagram.android,5.0,positive,2026-04-06T11:40:44.405396+00:00,62d09d0f-37b4-498f-b521-6c5537211b99
113,This is a fallback youtube sample 3 for social_media with enough words for cleaning.,This is a fallback youtube sample 3 for social_media with enough words for cleaning. This is excellent and I absolutely love it.,en,English,latin,social_media,youtube,https://www.youtube.com/watch?v=fallback_en_3,,positive,,,0.95,"The text contains strong positive phrases like 'excellent' and 'absolutely love it', clearly indicating a positive sentiment.",ollama,False,,,,2026-04-06T11:40:44.405396+00:00,62d09d0f-37b4-498f-b521-6c5537211b99
114,This is a fallback reddit sample 2 for social_media with enough words for cleaning.,This is a fallback reddit sample 2 for social_media with enough words for cleaning. This is terrible and I strongly dislike it.,en,English,latin,social_media,reddit,https://reddit.com/r/sample/comments/en_2,sample,negative,,,0.95,"The text explicitly states 'terrible' and 'strongly dislike,' indicating strong negative sentiment.",ollama,False,,,,2026-04-06T11:40:44.405396+00:00,62d09d0f-37b4-498f-b521-6c5537211b99
115,This is a fallback google_play sample 2 for social_media with enough words for cleaning.,This is a fallback google_play sample 2 for social_media with enough words for cleaning.,en,English,latin,social_media,google_play,,,neutral,,,0.95,The text is a factual description with no emotional language or sentiment indicators.,ollama,False,com.facebook.katana,3.0,neutral,2026-04-06T11:40:44.405396+00:00,62d09d0f-37b4-498f-b521-6c5537211b99
116,This is a fallback reddit sample 1 for social_media with enough words for cleaning.,This is a fallback reddit sample 1 for social_media with enough words for cleaning. This is excellent and I absolutely love it.,en,English,latin,social_media,reddit,https://reddit.com/r/sample/comments/en_1,sample,positive,,,0.95,Contains strong positive phrases 'excellent' and 'absolutely love'.,ollama,False,,,,2026-04-06T11:40:44.405396+00:00,62d09d0f-37b4-498f-b521-6c5537211b99
117,This is a fallback google_play sample 1 for social_media with enough words for cleaning.,This is a fallback google_play sample 1 for social_media with enough words for cleaning. This is terrible and I strongly dislike it.,en,English,latin,social_media,google_play,,,negative,,,0.95,"The text explicitly states 'terrible' and 'strongly dislike', indicating a negative sentiment.",ollama,False,com.instagram.android,5.0,positive,2026-04-06T11:40:44.405396+00:00,62d09d0f-37b4-498f-b521-6c5537211b99
118,This is a fallback google_play sample 3 for social_media with enough words for cleaning.,This is a fallback google_play sample 3 for social_media with enough words for cleaning.,en,English,latin,social_media,google_play,,,neutral,,,0.95,The text is a factual description of a sample with no emotional language or subjective opinion.,ollama,False,com.sharechat.app,1.0,negative,2026-04-06T11:40:44.405396+00:00,62d09d0f-37b4-498f-b521-6c5537211b99
119,This is a fallback reddit sample 3 for social_media with enough words for cleaning.,This is a fallback reddit sample 3 for social_media with enough words for cleaning. This is excellent and I absolutely love it.,en,English,latin,social_media,reddit,https://reddit.com/r/sample/comments/en_3,sample,positive,,,0.95,"The text contains strong positive phrases like 'excellent' and 'absolutely love', indicating clear positive sentiment.",ollama,False,,,,2026-04-06T11:40:44.405396+00:00,62d09d0f-37b4-498f-b521-6c5537211b99
120,This is a fallback google_play sample 3 for social_media with enough words for cleaning.,This is a fallback google_play sample 3 for social_media with enough words for cleaning. This is terrible and I strongly dislike it.,en,English,latin,social_media,google_play,,,negative,,,0.95,"The text explicitly states 'This is terrible and I strongly dislike it,' which clearly conveys a negative sentiment.",ollama,False,com.sharechat.app,1.0,negative,2026-04-06T11:40:44.405396+00:00,62d09d0f-37b4-498f-b521-6c5537211b99
121,This is a fallback youtube sample 1 for social_media with enough words for cleaning.,This is a fallback youtube sample 1 for social_media with enough words for cleaning.,en,English,latin,social_media,youtube,https://www.youtube.com/watch?v=fallback_en_1,,neutral,,,0.95,The text is a factual description of a sample with no emotional language or sentiment indicators.,ollama,False,,,,2026-04-06T11:40:44.405396+00:00,62d09d0f-37b4-498f-b521-6c5537211b99
122,This is a fallback google_play sample 2 for social_media with enough words for cleaning.,This is a fallback google_play sample 2 for social_media with enough words for cleaning. This is excellent and I absolutely love it.,en,English,latin,social_media,google_play,,,positive,,,0.95,The text contains strong positive phrases such as 'excellent' and 'absolutely love it'.,ollama,False,com.facebook.katana,3.0,neutral,2026-04-06T11:40:44.405396+00:00,62d09d0f-37b4-498f-b521-6c5537211b99
123,This is a fallback youtube sample 2 for social_media with enough words for cleaning.,This is a fallback youtube sample 2 for social_media with enough words for cleaning. This is terrible and I strongly dislike it.,en,English,latin,social_media,youtube,https://www.youtube.com/watch?v=fallback_en_2,,negative,,,0.98,"The text explicitly states 'terrible' and 'strongly dislike', indicating a negative sentiment.",ollama,False,,,,2026-04-06T11:40:44.405396+00:00,62d09d0f-37b4-498f-b521-6c5537211b99
124,This is a fallback youtube sample 2 for social_media with enough words for cleaning.,This is a fallback youtube sample 2 for social_media with enough words for cleaning.,en,English,latin,social_media,youtube,https://www.youtube.com/watch?v=fallback_en_2,,neutral,,,0.95,The text is a factual statement describing a sample without any emotional or subjective language.,ollama,False,,,,2026-04-06T11:40:44.405396+00:00,62d09d0f-37b4-498f-b521-6c5537211b99
125,This is a fallback youtube sample 1 for social_media with enough words for cleaning.,This is a fallback youtube sample 1 for social_media with enough words for cleaning. This is excellent and I absolutely love it.,en,English,latin,social_media,youtube,https://www.youtube.com/watch?v=fallback_en_1,,positive,,,0.95,"The text contains strong positive phrases like 'excellent' and 'absolutely love it,' indicating clear positive sentiment.",ollama,False,,,,2026-04-06T11:40:44.405396+00:00,62d09d0f-37b4-498f-b521-6c5537211b99
126,This is a fallback reddit sample 2 for social_media with enough words for cleaning.,This is a fallback reddit sample 2 for social_media with enough words for cleaning. This is terrible and I strongly dislike it.,en,English,latin,social_media,reddit,https://reddit.com/r/sample/comments/en_2,sample,negative,,,0.95,"The text explicitly states 'This is terrible and I strongly dislike it,' indicating a strong negative sentiment.",ollama,False,,,,2026-04-06T11:40:44.405396+00:00,62d09d0f-37b4-498f-b521-6c5537211b99
127,This is a fallback youtube sample 3 for social_media with enough words for cleaning.,This is a fallback youtube sample 3 for social_media with enough words for cleaning.,en,English,latin,social_media,youtube,https://www.youtube.com/watch?v=fallback_en_3,,neutral,,,0.95,"The text is a factual statement with no emotional language or sentiment indicators, only describing a sample for data processing.",ollama,False,,,,2026-04-06T11:40:44.405396+00:00,62d09d0f-37b4-498f-b521-6c5537211b99
128,This is a fallback youtube sample 3 for social_media with enough words for cleaning.,This is a fallback youtube sample 3 for social_media with enough words for cleaning. This is excellent and I absolutely love it.,en,English,latin,social_media,youtube,https://www.youtube.com/watch?v=fallback_en_3,,positive,,,0.95,The text contains strong positive phrases such as 'excellent' and 'absolutely love it'.,ollama,False,,,,2026-04-06T11:40:44.405396+00:00,62d09d0f-37b4-498f-b521-6c5537211b99
129,This is a fallback google_play sample 1 for social_media with enough words for cleaning.,This is a fallback google_play sample 1 for social_media with enough words for cleaning. This is terrible and I strongly dislike it.,en,English,latin,social_media,google_play,,,negative,,,0.95,"The text explicitly states 'terrible' and 'strongly dislike', indicating clear negative sentiment.",ollama,False,com.instagram.android,5.0,positive,2026-04-06T11:40:44.405396+00:00,62d09d0f-37b4-498f-b521-6c5537211b99
130,This is a fallback reddit sample 1 for social_media with enough words for cleaning.,This is a fallback reddit sample 1 for social_media with enough words for cleaning. This is excellent and I absolutely love it.,en,English,latin,social_media,reddit,https://reddit.com/r/sample/comments/en_1,sample,positive,,,0.95,The text contains strong positive phrases such as 'excellent' and 'absolutely love'.,ollama,False,,,,2026-04-06T11:40:44.405396+00:00,62d09d0f-37b4-498f-b521-6c5537211b99
131,This is a fallback google_play sample 3 for social_media with enough words for cleaning.,This is a fallback google_play sample 3 for social_media with enough words for cleaning. This is terrible and I strongly dislike it.,en,English,latin,social_media,google_play,,,negative,,,0.95,"The text explicitly states 'This is terrible and I strongly dislike it,' which clearly conveys a negative sentiment.",ollama,False,com.sharechat.app,1.0,negative,2026-04-06T11:40:44.405396+00:00,62d09d0f-37b4-498f-b521-6c5537211b99
132,This is a fallback reddit sample 3 for social_media with enough words for cleaning.,This is a fallback reddit sample 3 for social_media with enough words for cleaning. This is excellent and I absolutely love it.,en,English,latin,social_media,reddit,https://reddit.com/r/sample/comments/en_3,sample,positive,,,0.95,The text contains strong positive phrases such as 'excellent' and 'absolutely love it'.,ollama,False,,,,2026-04-06T11:40:44.405396+00:00,62d09d0f-37b4-498f-b521-6c5537211b99
133,This is a fallback youtube sample 2 for social_media with enough words for cleaning.,This is a fallback youtube sample 2 for social_media with enough words for cleaning. This is terrible and I strongly dislike it.,en,English,latin,social_media,youtube,https://www.youtube.com/watch?v=fallback_en_2,,negative,,,0.95,"The text explicitly states 'This is terrible and I strongly dislike it,' which clearly conveys a negative sentiment.",ollama,False,,,,2026-04-06T11:40:44.405396+00:00,62d09d0f-37b4-498f-b521-6c5537211b99
134,This is a fallback google_play sample 2 for social_media with enough words for cleaning.,This is a fallback google_play sample 2 for social_media with enough words for cleaning. This is excellent and I absolutely love it.,en,English,latin,social_media,google_play,,,positive,,,0.95,The text contains strong positive phrases such as 'excellent' and 'absolutely love it'.,ollama,False,com.facebook.katana,3.0,neutral,2026-04-06T11:40:44.405396+00:00,62d09d0f-37b4-498f-b521-6c5537211b99
135,This is a fallback reddit sample 2 for social_media with enough words for cleaning.,This is a fallback reddit sample 2 for social_media with enough words for cleaning. This is terrible and I strongly dislike it.,en,English,latin,social_media,reddit,https://reddit.com/r/sample/comments/en_2,sample,negative,,,0.95,"The text explicitly states 'terrible' and 'strongly dislike', indicating a negative sentiment.",ollama,False,,,,2026-04-06T11:40:44.405396+00:00,62d09d0f-37b4-498f-b521-6c5537211b99
136,This is a fallback youtube sample 1 for social_media with enough words for cleaning.,This is a fallback youtube sample 1 for social_media with enough words for cleaning. This is excellent and I absolutely love it.,en,English,latin,social_media,youtube,https://www.youtube.com/watch?v=fallback_en_1,,positive,,,0.95,The text contains strong positive phrases like 'excellent' and 'absolutely love it'.,ollama,False,,,,2026-04-06T11:40:44.405396+00:00,62d09d0f-37b4-498f-b521-6c5537211b99
137,This is a fallback google_play sample 1 for social_media with enough words for cleaning.,This is a fallback google_play sample 1 for social_media with enough words for cleaning. This is terrible and I strongly dislike it.,en,English,latin,social_media,google_play,,,negative,,,0.95,"The text explicitly states 'terrible' and 'strongly dislike', indicating a clear negative sentiment.",ollama,False,com.instagram.android,5.0,positive,2026-04-06T11:40:44.405396+00:00,62d09d0f-37b4-498f-b521-6c5537211b99
138,This is a fallback youtube sample 3 for social_media with enough words for cleaning.,This is a fallback youtube sample 3 for social_media with enough words for cleaning. This is excellent and I absolutely love it.,en,English,latin,social_media,youtube,https://www.youtube.com/watch?v=fallback_en_3,,positive,,,0.95,"The text contains strong positive phrases like 'excellent' and 'absolutely love it', clearly indicating a positive sentiment.",ollama,False,,,,2026-04-06T11:40:44.405396+00:00,62d09d0f-37b4-498f-b521-6c5537211b99
139,This is a fallback google_play sample 3 for social_media with enough words for cleaning.,This is a fallback google_play sample 3 for social_media with enough words for cleaning. This is terrible and I strongly dislike it.,en,English,latin,social_media,google_play,,,negative,,,0.98,"The text explicitly states 'This is terrible and I strongly dislike it,' which clearly expresses a negative sentiment.",ollama,False,com.sharechat.app,1.0,negative,2026-04-06T11:40:44.405396+00:00,62d09d0f-37b4-498f-b521-6c5537211b99
140,This is a fallback reddit sample 1 for social_media with enough words for cleaning.,This is a fallback reddit sample 1 for social_media with enough words for cleaning. This is excellent and I absolutely love it.,en,English,latin,social_media,reddit,https://reddit.com/r/sample/comments/en_1,sample,positive,,,0.95,Contains strong positive phrases such as 'excellent' and 'absolutely love it'.,ollama,False,,,,2026-04-06T11:40:44.405396+00:00,62d09d0f-37b4-498f-b521-6c5537211b99
141,This is a fallback youtube sample 2 for social_media with enough words for cleaning.,This is a fallback youtube sample 2 for social_media with enough words for cleaning. This is terrible and I strongly dislike it.,en,English,latin,social_media,youtube,https://www.youtube.com/watch?v=fallback_en_2,,negative,,,0.95,"The text explicitly states 'terrible' and 'strongly dislike,' indicating a clear negative sentiment.",ollama,False,,,,2026-04-06T11:40:44.405396+00:00,62d09d0f-37b4-498f-b521-6c5537211b99
142,This is a fallback reddit sample 3 for social_media with enough words for cleaning.,This is a fallback reddit sample 3 for social_media with enough words for cleaning. This is excellent and I absolutely love it.,en,English,latin,social_media,reddit,https://reddit.com/r/sample/comments/en_3,sample,positive,,,0.95,The text contains strong positive phrases such as 'excellent' and 'absolutely love'.,ollama,False,,,,2026-04-06T11:40:44.405396+00:00,62d09d0f-37b4-498f-b521-6c5537211b99
143,This is a fallback reddit sample 2 for social_media with enough words for cleaning.,This is a fallback reddit sample 2 for social_media with enough words for cleaning. This is terrible and I strongly dislike it.,en,English,latin,social_media,reddit,https://reddit.com/r/sample/comments/en_2,sample,negative,,,0.95,"The text explicitly states 'terrible' and 'strongly dislike,' indicating a negative sentiment.",ollama,False,,,,2026-04-06T11:40:44.405396+00:00,62d09d0f-37b4-498f-b521-6c5537211b99
144,This is a fallback google_play sample 2 for social_media with enough words for cleaning.,This is a fallback google_play sample 2 for social_media with enough words for cleaning. This is excellent and I absolutely love it.,en,English,latin,social_media,google_play,,,positive,,,0.95,"The text contains strong positive phrases like 'excellent' and 'absolutely love,' clearly indicating a positive sentiment.",ollama,False,com.facebook.katana,3.0,neutral,2026-04-06T11:40:44.405396+00:00,62d09d0f-37b4-498f-b521-6c5537211b99
145,This is a fallback google_play sample 1 for social_media with enough words for cleaning.,This is a fallback google_play sample 1 for social_media with enough words for cleaning. This is terrible and I strongly dislike it.,en,English,latin,social_media,google_play,,,negative,,,0.95,"The text explicitly states 'This is terrible and I strongly dislike it,' which conveys a clear negative sentiment.",ollama,False,com.instagram.android,5.0,positive,2026-04-06T11:40:44.405396+00:00,62d09d0f-37b4-498f-b521-6c5537211b99
146,This is a fallback youtube sample 1 for social_media with enough words for cleaning.,This is a fallback youtube sample 1 for social_media with enough words for cleaning. This is excellent and I absolutely love it.,en,English,latin,social_media,youtube,https://www.youtube.com/watch?v=fallback_en_1,,positive,,,0.95,The text contains strong positive phrases like 'excellent' and 'absolutely love it' which clearly indicate a positive sentiment.,ollama,False,,,,2026-04-06T11:40:44.405396+00:00,62d09d0f-37b4-498f-b521-6c5537211b99
147,This is a fallback google_play sample 3 for social_media with enough words for cleaning.,This is a fallback google_play sample 3 for social_media with enough words for cleaning. This is terrible and I strongly dislike it.,en,English,latin,social_media,google_play,,,negative,,,0.95,"The text explicitly states 'terrible' and 'strongly dislike', indicating strong negative sentiment.",ollama,False,com.sharechat.app,1.0,negative,2026-04-06T11:40:44.405396+00:00,62d09d0f-37b4-498f-b521-6c5537211b99
148,This is a fallback youtube sample 3 for social_media with enough words for cleaning.,This is a fallback youtube sample 3 for social_media with enough words for cleaning. This is excellent and I absolutely love it.,en,English,latin,social_media,youtube,https://www.youtube.com/watch?v=fallback_en_3,,positive,,,0.95,"The text contains strong positive phrases like 'excellent' and 'absolutely love it', indicating clear positive sentiment.",ollama,False,,,,2026-04-06T11:40:44.405396+00:00,62d09d0f-37b4-498f-b521-6c5537211b99
149,This is a fallback youtube sample 2 for social_media with enough words for cleaning.,This is a fallback youtube sample 2 for social_media with enough words for cleaning. This is terrible and I strongly dislike it.,en,English,latin,social_media,youtube,https://www.youtube.com/watch?v=fallback_en_2,,negative,,,0.95,"The text explicitly states 'terrible' and 'strongly dislike', which are clear indicators of negative sentiment.",ollama,False,,,,2026-04-06T11:40:44.405396+00:00,62d09d0f-37b4-498f-b521-6c5537211b99
150,This is a fallback reddit sample 1 for social_media with enough words for cleaning.,This is a fallback reddit sample 1 for social_media with enough words for cleaning. This is excellent and I absolutely love it.,en,English,latin,social_media,reddit,https://reddit.com/r/sample/comments/en_1,sample,positive,,,0.95,"The text contains strong positive phrases like 'excellent' and 'absolutely love it', clearly indicating a positive sentiment.",ollama,False,,,,2026-04-06T11:40:44.405396+00:00,62d09d0f-37b4-498f-b521-6c5537211b99
151,This is a fallback reddit sample 2 for social_media with enough words for cleaning.,This is a fallback reddit sample 2 for social_media with enough words for cleaning. This is terrible and I strongly dislike it.,en,English,latin,social_media,reddit,https://reddit.com/r/sample/comments/en_2,sample,negative,,,0.95,"The text explicitly states 'This is terrible and I strongly dislike it,' which clearly conveys a negative sentiment.",ollama,False,,,,2026-04-06T11:40:44.405396+00:00,62d09d0f-37b4-498f-b521-6c5537211b99
152,This is a fallback reddit sample 3 for social_media with enough words for cleaning.,This is a fallback reddit sample 3 for social_media with enough words for cleaning. This is excellent and I absolutely love it.,en,English,latin,social_media,reddit,https://reddit.com/r/sample/comments/en_3,sample,positive,,,0.95,The text contains strong positive phrases such as 'excellent' and 'absolutely love'.,ollama,False,,,,2026-04-06T11:40:44.405396+00:00,62d09d0f-37b4-498f-b521-6c5537211b99
153,This is a fallback google_play sample 1 for social_media with enough words for cleaning.,This is a fallback google_play sample 1 for social_media with enough words for cleaning. This is terrible and I strongly dislike it.,en,English,latin,social_media,google_play,,,negative,,,0.95,"The text contains strong negative words like 'terrible' and 'strongly dislike', clearly indicating a negative sentiment.",ollama,False,com.instagram.android,5.0,positive,2026-04-06T11:40:44.405396+00:00,62d09d0f-37b4-498f-b521-6c5537211b99
154,This is a fallback google_play sample 2 for social_media with enough words for cleaning.,This is a fallback google_play sample 2 for social_media with enough words for cleaning. This is excellent and I absolutely love it.,en,English,latin,social_media,google_play,,,positive,,,0.95,"The text contains strong positive phrases such as 'excellent' and 'absolutely love it', which clearly indicate a positive sentiment.",ollama,False,com.facebook.katana,3.0,neutral,2026-04-06T11:40:44.405396+00:00,62d09d0f-37b4-498f-b521-6c5537211b99
155,This is a fallback google_play sample 3 for social_media with enough words for cleaning.,This is a fallback google_play sample 3 for social_media with enough words for cleaning. This is terrible and I strongly dislike it.,en,English,latin,social_media,google_play,,,negative,,,0.95,"The text explicitly states 'terrible' and 'strongly dislike', indicating strong negative sentiment.",ollama,False,com.sharechat.app,1.0,negative,2026-04-06T11:40:44.405396+00:00,62d09d0f-37b4-498f-b521-6c5537211b99
156,This is a fallback youtube sample 1 for social_media with enough words for cleaning.,This is a fallback youtube sample 1 for social_media with enough words for cleaning. This is excellent and I absolutely love it.,en,English,latin,social_media,youtube,https://www.youtube.com/watch?v=fallback_en_1,,positive,,,0.95,"The text contains strong positive phrases like 'excellent' and 'absolutely love it,' indicating a positive sentiment.",ollama,False,,,,2026-04-06T11:40:44.405396+00:00,62d09d0f-37b4-498f-b521-6c5537211b99
157,This is a fallback youtube sample 2 for social_media with enough words for cleaning.,This is a fallback youtube sample 2 for social_media with enough words for cleaning. This is terrible and I strongly dislike it.,en,English,latin,social_media,youtube,https://www.youtube.com/watch?v=fallback_en_2,,negative,,,0.95,"The text explicitly states 'This is terrible and I strongly dislike it,' which clearly conveys a negative sentiment.",ollama,False,,,,2026-04-06T11:40:44.405396+00:00,62d09d0f-37b4-498f-b521-6c5537211b99
158,This is a fallback youtube sample 3 for social_media with enough words for cleaning.,This is a fallback youtube sample 3 for social_media with enough words for cleaning. This is excellent and I absolutely love it.,en,English,latin,social_media,youtube,https://www.youtube.com/watch?v=fallback_en_3,,positive,,,0.95,The text contains strong positive phrases such as 'excellent' and 'absolutely love it'.,ollama,False,,,,2026-04-06T11:40:44.405396+00:00,62d09d0f-37b4-498f-b521-6c5537211b99
159,This is a fallback reddit sample 2 for social_media with enough words for cleaning.,This is a fallback reddit sample 2 for social_media with enough words for cleaning. This is terrible and I strongly dislike it.,en,English,latin,social_media,reddit,https://reddit.com/r/sample/comments/en_2,sample,negative,,,0.95,The text contains strong negative words like 'terrible' and 'strongly dislike'.,ollama,False,,,,2026-04-06T11:40:44.405396+00:00,62d09d0f-37b4-498f-b521-6c5537211b99
160,This is a fallback reddit sample 1 for social_media with enough words for cleaning.,This is a fallback reddit sample 1 for social_media with enough words for cleaning. This is excellent and I absolutely love it.,en,English,latin,social_media,reddit,https://reddit.com/r/sample/comments/en_1,sample,positive,,,0.95,"The text contains strong positive phrases such as 'excellent' and 'absolutely love it', clearly indicating a positive sentiment.",ollama,False,,,,2026-04-06T11:40:44.405396+00:00,62d09d0f-37b4-498f-b521-6c5537211b99
161,This is a fallback google_play sample 1 for social_media with enough words for cleaning.,This is a fallback google_play sample 1 for social_media with enough words for cleaning. This is terrible and I strongly dislike it.,en,English,latin,social_media,google_play,,,negative,,,0.95,"The text explicitly states 'This is terrible and I strongly dislike it', which clearly expresses a negative sentiment.",ollama,False,com.instagram.android,5.0,positive,2026-04-06T11:40:44.405396+00:00,62d09d0f-37b4-498f-b521-6c5537211b99
162,This is a fallback reddit sample 3 for social_media with enough words for cleaning.,This is a fallback reddit sample 3 for social_media with enough words for cleaning. This is excellent and I absolutely love it.,en,English,latin,social_media,reddit,https://reddit.com/r/sample/comments/en_3,sample,positive,,,0.95,The text contains strong positive phrases such as 'excellent' and 'absolutely love it'.,ollama,False,,,,2026-04-06T11:40:44.405396+00:00,62d09d0f-37b4-498f-b521-6c5537211b99
163,This is a fallback google_play sample 3 for social_media with enough words for cleaning.,This is a fallback google_play sample 3 for social_media with enough words for cleaning. This is terrible and I strongly dislike it.,en,English,latin,social_media,google_play,,,negative,,,0.98,"The text explicitly states 'terrible' and 'strongly dislike,' which are clear indicators of negative sentiment.",ollama,False,com.sharechat.app,1.0,negative,2026-04-06T11:40:44.405396+00:00,62d09d0f-37b4-498f-b521-6c5537211b99
164,This is a fallback google_play sample 2 for social_media with enough words for cleaning.,This is a fallback google_play sample 2 for social_media with enough words for cleaning. This is excellent and I absolutely love it.,en,English,latin,social_media,google_play,,,positive,,,0.95,"The text contains strong positive phrases such as 'excellent' and 'absolutely love it,' which clearly indicate a positive sentiment despite the initial placeholder-like text.",ollama,False,com.facebook.katana,3.0,neutral,2026-04-06T11:40:44.405396+00:00,62d09d0f-37b4-498f-b521-6c5537211b99
165,This is a fallback youtube sample 2 for social_media with enough words for cleaning.,This is a fallback youtube sample 2 for social_media with enough words for cleaning. This is terrible and I strongly dislike it.,en,English,latin,social_media,youtube,https://www.youtube.com/watch?v=fallback_en_2,,negative,,,0.98,The text contains explicit negative language such as 'terrible' and 'strongly dislike'.,ollama,False,,,,2026-04-06T11:40:44.405396+00:00,62d09d0f-37b4-498f-b521-6c5537211b99
166,This is a fallback youtube sample 1 for social_media with enough words for cleaning.,This is a fallback youtube sample 1 for social_media with enough words for cleaning. This is excellent and I absolutely love it.,en,English,latin,social_media,youtube,https://www.youtube.com/watch?v=fallback_en_1,,positive,,,0.95,The text includes strong positive phrases such as 'excellent' and 'absolutely love it'.,ollama,False,,,,2026-04-06T11:40:44.405396+00:00,62d09d0f-37b4-498f-b521-6c5537211b99
167,This is a fallback reddit sample 2 for social_media with enough words for cleaning.,This is a fallback reddit sample 2 for social_media with enough words for cleaning. This is terrible and I strongly dislike it.,en,English,latin,social_media,reddit,https://reddit.com/r/sample/comments/en_2,sample,negative,,,0.95,"The text explicitly states 'terrible' and 'strongly dislike', indicating a negative sentiment.",ollama,False,,,,2026-04-06T11:40:44.405396+00:00,62d09d0f-37b4-498f-b521-6c5537211b99
168,This is a fallback youtube sample 3 for social_media with enough words for cleaning.,This is a fallback youtube sample 3 for social_media with enough words for cleaning. This is excellent and I absolutely love it.,en,English,latin,social_media,youtube,https://www.youtube.com/watch?v=fallback_en_3,,positive,,,0.95,The text contains strong positive phrases like 'excellent' and 'absolutely love it' which clearly indicate a positive sentiment.,ollama,False,,,,2026-04-06T11:40:44.405396+00:00,62d09d0f-37b4-498f-b521-6c5537211b99
169,This is a fallback google_play sample 1 for social_media with enough words for cleaning.,This is a fallback google_play sample 1 for social_media with enough words for cleaning. This is terrible and I strongly dislike it.,en,English,latin,social_media,google_play,,,negative,,,0.95,"The text explicitly states 'terrible' and 'strongly dislike', which are clear indicators of negative sentiment.",ollama,False,com.instagram.android,5.0,positive,2026-04-06T11:40:44.405396+00:00,62d09d0f-37b4-498f-b521-6c5537211b99
170,This is a fallback reddit sample 1 for social_media with enough words for cleaning.,This is a fallback reddit sample 1 for social_media with enough words for cleaning. This is excellent and I absolutely love it.,en,English,latin,social_media,reddit,https://reddit.com/r/sample/comments/en_1,sample,positive,,,0.95,The text includes strong positive phrases such as 'excellent' and 'absolutely love'.,ollama,False,,,,2026-04-06T11:40:44.405396+00:00,62d09d0f-37b4-498f-b521-6c5537211b99
171,This is a fallback google_play sample 3 for social_media with enough words for cleaning.,This is a fallback google_play sample 3 for social_media with enough words for cleaning. This is terrible and I strongly dislike it.,en,English,latin,social_media,google_play,,,negative,,,0.95,"The text explicitly states 'This is terrible and I strongly dislike it,' which clearly conveys a negative sentiment.",ollama,False,com.sharechat.app,1.0,negative,2026-04-06T11:40:44.405396+00:00,62d09d0f-37b4-498f-b521-6c5537211b99
172,This is a fallback reddit sample 3 for social_media with enough words for cleaning.,This is a fallback reddit sample 3 for social_media with enough words for cleaning. This is excellent and I absolutely love it.,en,English,latin,social_media,reddit,https://reddit.com/r/sample/comments/en_3,sample,positive,,,0.95,The text includes strong positive phrases such as 'excellent' and 'absolutely love it'.,ollama,False,,,,2026-04-06T11:40:44.405396+00:00,62d09d0f-37b4-498f-b521-6c5537211b99
173,This is a fallback youtube sample 2 for social_media with enough words for cleaning.,This is a fallback youtube sample 2 for social_media with enough words for cleaning. This is terrible and I strongly dislike it.,en,English,latin,social_media,youtube,https://www.youtube.com/watch?v=fallback_en_2,,negative,,,0.95,"The text explicitly states 'terrible' and 'strongly dislike', indicating clear negative sentiment.",ollama,False,,,,2026-04-06T11:40:44.405396+00:00,62d09d0f-37b4-498f-b521-6c5537211b99
174,This is a fallback google_play sample 2 for social_media with enough words for cleaning.,This is a fallback google_play sample 2 for social_media with enough words for cleaning. This is excellent and I absolutely love it.,en,English,latin,social_media,google_play,,,positive,,,0.95,The text includes strong positive phrases such as 'excellent' and 'absolutely love it'.,ollama,False,com.facebook.katana,3.0,neutral,2026-04-06T11:40:44.405396+00:00,62d09d0f-37b4-498f-b521-6c5537211b99
175,This is a fallback reddit sample 2 for social_media with enough words for cleaning.,This is a fallback reddit sample 2 for social_media with enough words for cleaning. This is terrible and I strongly dislike it.,en,English,latin,social_media,reddit,https://reddit.com/r/sample/comments/en_2,sample,negative,,,0.95,Contains explicit negative language such as 'terrible' and 'strongly dislike'.,ollama,False,,,,2026-04-06T11:40:44.405396+00:00,62d09d0f-37b4-498f-b521-6c5537211b99
176,This is a fallback youtube sample 1 for social_media with enough words for cleaning.,This is a fallback youtube sample 1 for social_media with enough words for cleaning. This is excellent and I absolutely love it.,en,English,latin,social_media,youtube,https://www.youtube.com/watch?v=fallback_en_1,,positive,,,0.95,The text contains strong positive phrases such as 'excellent' and 'absolutely love'.,ollama,False,,,,2026-04-06T11:40:44.405396+00:00,62d09d0f-37b4-498f-b521-6c5537211b99
177,This is a fallback google_play sample 1 for social_media with enough words for cleaning.,This is a fallback google_play sample 1 for social_media with enough words for cleaning. This is terrible and I strongly dislike it.,en,English,latin,social_media,google_play,,,negative,,,0.95,"The text explicitly states 'This is terrible and I strongly dislike it,' which clearly conveys a negative sentiment.",ollama,False,com.instagram.android,5.0,positive,2026-04-06T11:40:44.405396+00:00,62d09d0f-37b4-498f-b521-6c5537211b99
178,This is a fallback youtube sample 3 for social_media with enough words for cleaning.,This is a fallback youtube sample 3 for social_media with enough words for cleaning. This is excellent and I absolutely love it.,en,English,latin,social_media,youtube,https://www.youtube.com/watch?v=fallback_en_3,,positive,,,0.98,"The text contains strong positive phrases like 'excellent' and 'absolutely love it,' clearly indicating a positive sentiment.",ollama,False,,,,2026-04-06T11:40:44.405396+00:00,62d09d0f-37b4-498f-b521-6c5537211b99
179,This is a fallback google_play sample 3 for social_media with enough words for cleaning.,This is a fallback google_play sample 3 for social_media with enough words for cleaning. This is terrible and I strongly dislike it.,en,English,latin,social_media,google_play,,,negative,,,0.95,"The text explicitly states 'terrible' and 'strongly dislike', indicating strong negative sentiment.",ollama,False,com.sharechat.app,1.0,negative,2026-04-06T11:40:44.405396+00:00,62d09d0f-37b4-498f-b521-6c5537211b99
180,This is a fallback reddit sample 1 for social_media with enough words for cleaning.,This is a fallback reddit sample 1 for social_media with enough words for cleaning. This is excellent and I absolutely love it.,en,English,latin,social_media,reddit,https://reddit.com/r/sample/comments/en_1,sample,positive,,,0.95,The text contains strong positive phrases such as 'excellent' and 'absolutely love'.,ollama,False,,,,2026-04-06T11:40:44.405396+00:00,62d09d0f-37b4-498f-b521-6c5537211b99
181,This is a fallback youtube sample 2 for social_media with enough words for cleaning.,This is a fallback youtube sample 2 for social_media with enough words for cleaning. This is terrible and I strongly dislike it.,en,English,latin,social_media,youtube,https://www.youtube.com/watch?v=fallback_en_2,,negative,,,0.95,The text contains explicit negative phrases like 'terrible' and 'strongly dislike'.,ollama,False,,,,2026-04-06T11:40:44.405396+00:00,62d09d0f-37b4-498f-b521-6c5537211b99
182,This is a fallback reddit sample 3 for social_media with enough words for cleaning.,This is a fallback reddit sample 3 for social_media with enough words for cleaning. This is excellent and I absolutely love it.,en,English,latin,social_media,reddit,https://reddit.com/r/sample/comments/en_3,sample,positive,,,0.95,The text contains strong positive phrases such as 'excellent' and 'absolutely love it'.,ollama,False,,,,2026-04-06T11:40:44.405396+00:00,62d09d0f-37b4-498f-b521-6c5537211b99
183,This is a fallback reddit sample 2 for social_media with enough words for cleaning.,This is a fallback reddit sample 2 for social_media with enough words for cleaning. This is terrible and I strongly dislike it.,en,English,latin,social_media,reddit,https://reddit.com/r/sample/comments/en_2,sample,negative,,,0.95,"The text explicitly states 'terrible' and 'strongly dislike,' which are clear indicators of negative sentiment.",ollama,False,,,,2026-04-06T11:40:44.405396+00:00,62d09d0f-37b4-498f-b521-6c5537211b99
184,This is a fallback google_play sample 2 for social_media with enough words for cleaning.,This is a fallback google_play sample 2 for social_media with enough words for cleaning. This is excellent and I absolutely love it.,en,English,latin,social_media,google_play,,,positive,,,0.95,"The text contains strong positive phrases such as 'excellent' and 'absolutely love it,' which clearly indicate a positive sentiment.",ollama,False,com.facebook.katana,3.0,neutral,2026-04-06T11:40:44.405396+00:00,62d09d0f-37b4-498f-b521-6c5537211b99
185,This is a fallback google_play sample 1 for social_media with enough words for cleaning.,This is a fallback google_play sample 1 for social_media with enough words for cleaning. This is terrible and I strongly dislike it.,en,English,latin,social_media,google_play,,,negative,,,0.95,"The text contains explicit negative phrases such as 'terrible' and 'strongly dislike', indicating a negative sentiment.",ollama,False,com.instagram.android,5.0,positive,2026-04-06T11:40:44.405396+00:00,62d09d0f-37b4-498f-b521-6c5537211b99
186,This is a fallback youtube sample 1 for social_media with enough words for cleaning.,This is a fallback youtube sample 1 for social_media with enough words for cleaning. This is excellent and I absolutely love it.,en,English,latin,social_media,youtube,https://www.youtube.com/watch?v=fallback_en_1,,positive,,,0.98,The phrases 'excellent' and 'absolutely love it' clearly express strong positive sentiment.,ollama,False,,,,2026-04-06T11:40:44.405396+00:00,62d09d0f-37b4-498f-b521-6c5537211b99
187,This is a fallback google_play sample 3 for social_media with enough words for cleaning.,This is a fallback google_play sample 3 for social_media with enough words for cleaning. This is terrible and I strongly dislike it.,en,English,latin,social_media,google_play,,,negative,,,0.95,"The text explicitly states 'This is terrible and I strongly dislike it,' which clearly conveys negative sentiment.",ollama,False,com.sharechat.app,1.0,negative,2026-04-06T11:40:44.405396+00:00,62d09d0f-37b4-498f-b521-6c5537211b99
188,This is a fallback youtube sample 3 for social_media with enough words for cleaning.,This is a fallback youtube sample 3 for social_media with enough words for cleaning. This is excellent and I absolutely love it.,en,English,latin,social_media,youtube,https://www.youtube.com/watch?v=fallback_en_3,,positive,,,0.95,The text contains strong positive phrases like 'excellent' and 'absolutely love it' which clearly indicate a positive sentiment.,ollama,False,,,,2026-04-06T11:40:44.405396+00:00,62d09d0f-37b4-498f-b521-6c5537211b99
189,This is a fallback youtube sample 2 for social_media with enough words for cleaning.,This is a fallback youtube sample 2 for social_media with enough words for cleaning. This is terrible and I strongly dislike it.,en,English,latin,social_media,youtube,https://www.youtube.com/watch?v=fallback_en_2,,negative,,,0.95,"The text explicitly states 'This is terrible and I strongly dislike it,' which clearly conveys a negative sentiment.",ollama,False,,,,2026-04-06T11:40:44.405396+00:00,62d09d0f-37b4-498f-b521-6c5537211b99
190,This is a fallback reddit sample 1 for social_media with enough words for cleaning.,This is a fallback reddit sample 1 for social_media with enough words for cleaning. This is excellent and I absolutely love it.,en,English,latin,social_media,reddit,https://reddit.com/r/sample/comments/en_1,sample,positive,,,0.95,Contains strong positive phrases such as 'excellent' and 'absolutely love'.,ollama,False,,,,2026-04-06T11:40:44.405396+00:00,62d09d0f-37b4-498f-b521-6c5537211b99
191,This is a fallback reddit sample 2 for social_media with enough words for cleaning.,This is a fallback reddit sample 2 for social_media with enough words for cleaning. This is terrible and I strongly dislike it.,en,English,latin,social_media,reddit,https://reddit.com/r/sample/comments/en_2,sample,negative,,,0.95,"The text explicitly states 'terrible' and 'strongly dislike', indicating a negative sentiment.",ollama,False,,,,2026-04-06T11:40:44.405396+00:00,62d09d0f-37b4-498f-b521-6c5537211b99
192,This is a fallback reddit sample 3 for social_media with enough words for cleaning.,This is a fallback reddit sample 3 for social_media with enough words for cleaning. This is excellent and I absolutely love it.,en,English,latin,social_media,reddit,https://reddit.com/r/sample/comments/en_3,sample,positive,,,0.95,The text includes strong positive phrases such as 'excellent' and 'absolutely love it'.,ollama,False,,,,2026-04-06T11:40:44.405396+00:00,62d09d0f-37b4-498f-b521-6c5537211b99
193,This is a fallback google_play sample 1 for social_media with enough words for cleaning.,This is a fallback google_play sample 1 for social_media with enough words for cleaning. This is terrible and I strongly dislike it.,en,English,latin,social_media,google_play,,,negative,,,0.95,"The text explicitly states 'This is terrible and I strongly dislike it,' which clearly conveys a negative sentiment.",ollama,False,com.instagram.android,5.0,positive,2026-04-06T11:40:44.405396+00:00,62d09d0f-37b4-498f-b521-6c5537211b99
194,This is a fallback google_play sample 2 for social_media with enough words for cleaning.,This is a fallback google_play sample 2 for social_media with enough words for cleaning. This is excellent and I absolutely love it.,en,English,latin,social_media,google_play,,,positive,,,0.95,"The text contains explicit positive phrases like 'excellent' and 'absolutely love it,' which clearly indicate a positive sentiment.",ollama,False,com.facebook.katana,3.0,neutral,2026-04-06T11:40:44.405396+00:00,62d09d0f-37b4-498f-b521-6c5537211b99
195,This is a fallback google_play sample 3 for social_media with enough words for cleaning.,This is a fallback google_play sample 3 for social_media with enough words for cleaning. This is terrible and I strongly dislike it.,en,English,latin,social_media,google_play,,,negative,,,0.95,"The text explicitly states 'This is terrible and I strongly dislike it,' which clearly conveys a negative sentiment.",ollama,False,com.sharechat.app,1.0,negative,2026-04-06T11:40:44.405396+00:00,62d09d0f-37b4-498f-b521-6c5537211b99
196,This is a fallback youtube sample 1 for social_media with enough words for cleaning.,This is a fallback youtube sample 1 for social_media with enough words for cleaning. This is excellent and I absolutely love it.,en,English,latin,social_media,youtube,https://www.youtube.com/watch?v=fallback_en_1,,positive,,,0.95,The text contains strong positive phrases such as 'excellent' and 'absolutely love it'.,ollama,False,,,,2026-04-06T11:40:44.405396+00:00,62d09d0f-37b4-498f-b521-6c5537211b99
197,This is a fallback youtube sample 2 for social_media with enough words for cleaning.,This is a fallback youtube sample 2 for social_media with enough words for cleaning. This is terrible and I strongly dislike it.,en,English,latin,social_media,youtube,https://www.youtube.com/watch?v=fallback_en_2,,negative,,,0.95,"The text explicitly states 'terrible' and 'strongly dislike,' indicating a negative sentiment.",ollama,False,,,,2026-04-06T11:40:44.405396+00:00,62d09d0f-37b4-498f-b521-6c5537211b99
198,This is a fallback youtube sample 3 for social_media with enough words for cleaning.,This is a fallback youtube sample 3 for social_media with enough words for cleaning. This is excellent and I absolutely love it.,en,English,latin,social_media,youtube,https://www.youtube.com/watch?v=fallback_en_3,,positive,,,0.95,"The text contains strong positive phrases like 'excellent' and 'absolutely love', clearly indicating a positive sentiment.",ollama,False,,,,2026-04-06T11:40:44.405396+00:00,62d09d0f-37b4-498f-b521-6c5537211b99
199,This is a fallback reddit sample 2 for social_media with enough words for cleaning.,This is a fallback reddit sample 2 for social_media with enough words for cleaning. This is terrible and I strongly dislike it.,en,English,latin,social_media,reddit,https://reddit.com/r/sample/comments/en_2,sample,negative,,,0.95,"The text contains strong negative words like 'terrible' and 'strongly dislike,' clearly indicating negative sentiment.",ollama,False,,,,2026-04-06T11:40:44.405396+00:00,62d09d0f-37b4-498f-b521-6c5537211b99
200,This is a fallback reddit sample 1 for social_media with enough words for cleaning.,This is a fallback reddit sample 1 for social_media with enough words for cleaning. This is excellent and I absolutely love it.,en,English,latin,social_media,reddit,https://reddit.com/r/sample/comments/en_1,sample,positive,,,0.95,The text contains strong positive phrases like 'excellent' and 'absolutely love'.,ollama,False,,,,2026-04-06T11:40:44.405396+00:00,62d09d0f-37b4-498f-b521-6c5537211b99
